id;id_line;plant;shop;date_of_validation;validation_result;visual_inspection;oem_checklist;cable_certification_for_relevant_cabling;number_of_profinet_devices;number_of_devices;additional_checks_for_frame_errors;number_of_scp;max_traffic_load_on_the_network;max_traffic_load_on_the_network_percent;max_profinet_traffic_load_on_the_network;max_profinet_traffic_load_on_the_network_percent;plc_count;rings_count
488;485;G;BODY;T002;INCOMPLETE;;;PASS;102;114;YES - PASS;1;48.033;24.0165;47.848;23.924;1;1
10;10;Q;ASSEMBLY;T006;FAIL;Yes- Fail;Pass;Yes- Fail;32;32;;1;13.651;6.8255;13.429;6.7145;1;1
11;11;Q;ASSEMBLY;T006;FAIL;Yes- Fail;Pass;Yes- Fail;21;21;;1;9.822;4.911;9.542;4.771;1;1
13;13;Q;ASSEMBLY;T006;FAIL;Yes- Fail;Pass;Yes- Fail;15;15;;1;5.391;2.6955;5.19;2.595;1;1
14;14;Q;ASSEMBLY;T006;FAIL;Yes- Fail;Pass;Yes- Fail;22;22;;1;10.166;5.083;9.95;4.975;1;1
16;16;Q;ASSEMBLY;T006;FAIL;Yes- Fail;Pass;Yes- Fail;65;65;;1;28.087;14.0435;27.63;13.815;1;1
18;18;Q;ASSEMBLY;T006;FAIL;Yes- Fail;Pass;Yes - Fail;100;100;;1;5.028;2.514;3.41;1.705;1;1
22;22;Q;ASSEMBLY;T006;FAIL;Yes - Fail;Pass;Yes - Fail;208;208;;1;21.776;10.888;20.42;10.21;1;1
26;26;Q;ASSEMBLY;T006;FAIL;Yes - Fail;Pass;Yes - Fail;112;112;;1;41.463;20.7315;41.044;20.522;1;1
28;28;Q;ASSEMBLY;T006;FAIL;Yes - Fail;Pass;Yes - Fail;102;102;;1;37.182;18.591;36.664;18.332;1;1
29;29;Q;ASSEMBLY;T006;FAIL;Yes - Fail;Fail;Yes - Pass;13;13;;1;7.437;3.7185;7.397;3.6985;1;0
30;30;Q;ASSEMBLY;T006;FAIL;Yes - Fail;Fail;Yes - Pass;13;13;;1;0;0;0;0;1;0
32;32;Q;ASSEMBLY;T006;FAIL;Yes - Fail;Pass;Yes - Fail;225;225;;3;74.452;37.226;74.142;37.071;3;1
34;34;Q;ASSEMBLY;T006;FAIL;Yes - Fail;Fail;Yes - Pass;5;5;;1;0.619;0.3095;0.576;36.858;1;0
36;36;Q;ASSEMBLY;T006;FAIL;Yes - Fail;Fail;Yes - Pass;26;26;;1;14.298;7.149;13.819;6.9095;1;1
37;36;Q;ASSEMBLY;T006;FAIL;Yes - Fail;Pass;Yes - Pass;26;26;;1;14.298;7.149;13.819;6.9095;1;1
38;37;Q;ASSEMBLY;T006;FAIL;Yes - Fail;Fail;Yes - Pass;26;26;;1;14.261;7.1305;13.825;6.9125;1;1
39;37;Q;ASSEMBLY;T006;FAIL;Yes - Fail;Pass;Yes - Pass;26;26;;1;14.261;7.1305;13.825;6.9125;1;1
40;38;Q;ASSEMBLY;T006;FAIL;Yes - Fail;Fail;Yes - Pass;26;26;;1;14.276;7.138;13.825;6.9125;1;1
41;38;Q;ASSEMBLY;T006;FAIL;Yes - Fail;Pass;Yes - Pass;26;26;;1;14.276;7.138;13.825;6.9125;1;1
42;39;Q;ASSEMBLY;T006;FAIL;Yes - Fail;Pass;Yes - Pass;26;26;;1;0;0;0;0;1;0
43;40;Q;ASSEMBLY;T006;FAIL;Yes - Fail;Fail;Yes - Pass;12;12;;1;4.999;2.4995;4.623;2.3115;1;0
44;41;Q;ASSEMBLY;T006;FAIL;Yes - Fail;Fail;Yes - Pass;12;12;;1;4.662;2.331;4.623;2.3115;1;0
45;42;Q;ASSEMBLY;T006;FAIL;Yes - Fail;Fail;Yes - Pass;13;13;;1;5.009;2.5045;4.623;2.3115;1;0
46;43;Q;ASSEMBLY;T006;FAIL;Yes - Fail;Fail;Yes - Pass;13;13;;1;0;0;0;0;1;0
57;54;Q;ASSEMBLY;T006;FAIL;Yes - Fail;Pass;Yes - Fail;10;10;;1;4.579;2.2895;4.546;2.273;1;0
80;77;P;BODY;T006;FAIL;Yes - Fail;Pass;Yes - Fail;369;369;;4;56.441;28.2205;56.224;28.112;4;2
84;81;P;BODY;T006;FAIL;Yes - Fail;Fail;Yes - Fail;100;100;;1;30.851;15.4255;30.562;15.281;1;1
86;83;P;BODY;T006;FAIL;Yes - Fail;Fail;Yes - Pass;89;89;;1;27.912;13.956;27.232;13.616;1;1
87;84;P;BODY;T006;FAIL;Yes - Fail;Fail;Yes - Fail;90;90;;1;30.162;15.081;29.931;14.9655;1;1
93;90;P;BODY;T006;FAIL;Yes - Fail;Pass;Yes - Fail;93;93;;2;16.519;8.2595;16.426;8.213;2;1
101;98;P;BODY;T006;FAIL;Yes - Fail;Pass;Yes -Fail;85;85;;2;14.223;7.1115;14.114;7.057;2;1
104;101;P;BODY;T006;FAIL;Yes - Fail;Pass;Yes - Fail;155;155;;3;22.719;11.3595;22.64;11.32;3;1
106;103;P;BODY;T006;FAIL;Yes - Fail;Pass;Yes - Fail;156;156;;2;26.777;13.3885;26.659;13.3295;2;1
107;104;P;BODY;T006;FAIL;Yes - Fail;Pass;Yes - Fail;63;63;;1;29.632;14.816;29.552;14.776;1;1
114;111;P;BODY;T006;FAIL;Yes - Fail;Pass;Yes - Fail;29;29;;1;12.52;6.26;11.513;5.7565;1;1
118;115;P;BODY;T006;FAIL;Yes - Fail;Pass;Yes - Fail;26;26;;1;9.97;4.985;9.713;4.8565;1;1
119;116;P;BODY;T006;FAIL;Yes - Fail;Pass;Yes - Fail;36;36;;1;20.198;10.099;20.07;10.035;1;1
125;122;P;BODY;T006;FAIL;Yes - Fail;Fail;Yes - Pass;149;149;;1;55.681;27.8405;55.385;27.6925;1;1
126;123;P;BODY;T006;FAIL;Yes - Fail;Fail;Yes - Pass;103;103;;1;23.078;11.539;22.363;11.1815;1;1
127;124;P;BODY;T006;FAIL;Yes - Fail;Fail;Yes - Pass;49;49;;1;9.807;4.9035;8.998;4.499;1;1
128;125;P;BODY;T006;FAIL;Yes - Fail;Fail;Yes - Pass;42;42;;1;7.143;3.5715;6.832;3.416;1;1
129;126;P;BODY;T006;FAIL;Yes - Fail;Fail;Yes - Fail;76;76;;1;15.094;7.547;14.048;7.024;1;1
130;127;P;BODY;T006;FAIL;Yes - Fail;Fail;Yes - Fail;107;107;;1;20.868;10.434;20.201;10.1005;1;1
131;128;P;BODY;T006;FAIL;Yes - Fail;Fail;Yes - Fail;142;142;;1;39.655;19.8275;39.063;19.5315;1;1
132;129;P;BODY;T006;FAIL;Yes - Fail;Fail;Yes - Fail;55;55;;1;14.639;7.3195;14.103;7.0515;1;1
410;407;O;ASSEMBLY;T006;FAIL;;;Yes - Pass;27;28;;1;14.467;7.2335;14.389;7.1945;1;0
411;408;O;ASSEMBLY;T006;FAIL;;;Yes - Pass;27;27;;1;14.473;7.2365;14.387;7.1935;1;0
412;409;O;ASSEMBLY;T006;FAIL;;;Yes - Pass;27;27;;1;14.466;7.233;14.389;7.1945;1;0
413;410;O;ASSEMBLY;T006;FAIL;;;Yes - Pass;10;10;;1;3.602;1.801;3.545;1.7725;1;0
414;411;O;ASSEMBLY;T006;FAIL;;;Yes - Pass;10;10;;1;3.612;1.806;3.541;1.7705;1;0
486;483;G;BODY;T002;FAIL;;;PASS;119;128;YES - FAIL;1;25.915;12.9575;25.601;12.8005;2;1
681;678;H;ASSEMBLY;T003;FAIL;;;FAIL;53;54;N.A.;1;5.687;2.8435;4.912;2.456;1;2
287;284;E;BODY;T002;INCOMPLETE;;;NO;85;85;NO;1;21.322;0;20.526;0;0;0
478;475;G;BODY;T002;INCOMPLETE;;;PASS;;;N.A.;1;3.859;1.9295;3.729;1.8645;1;1
682;679;I;BODY;T003;INCOMPLETE;;;PASS;;15;YES - PASS;1;4.645;2.3225;4.132;2.066;1;0
695;692;I;BODY;T003;INCOMPLETE;;;PASS;84;82;YES - PASS;1;24.161;12.0805;23.525;11.7625;0;0
153;150;M;ASSEMBLY;T006;DISMISSED;;;Yes - Pass;26;26;;1;0;0;0;0;1;0
176;173;M;ASSEMBLY;T006;DISMISSED;;;Yes - Pass;12;12;;1;0;0;0;0;1;1
177;174;M;ASSEMBLY;T006;DISMISSED;;;Yes - Pass;12;12;;1;0;0;0;0;1;1
178;175;M;ASSEMBLY;T006;DISMISSED;;;Yes - Pass;12;12;;1;0;0;0;0;1;1
179;176;M;ASSEMBLY;T006;DISMISSED;;;Yes - Pass;12;12;;1;0;0;0;0;1;0
180;177;M;ASSEMBLY;T006;DISMISSED;;;Yes - Pass;12;12;;1;0;0;0;0;1;0
181;178;M;ASSEMBLY;T006;DISMISSED;;;Yes - Pass;12;12;;1;0;0;0;0;1;0
182;179;M;ASSEMBLY;T006;DISMISSED;;;Yes - Pass;12;12;;1;0;0;0;0;1;0
183;180;M;ASSEMBLY;T006;DISMISSED;;;Yes - Pass;12;12;;1;0;0;0;0;1;0
184;181;M;ASSEMBLY;T006;DISMISSED;;;Yes - Pass;12;12;;1;0;0;0;0;1;0
185;182;M;ASSEMBLY;T006;DISMISSED;;;Yes - Pass;12;12;;1;0;0;0;0;1;0
186;183;M;ASSEMBLY;T006;DISMISSED;;;Yes - Pass;12;12;;1;0;0;0;0;1;0
187;184;M;ASSEMBLY;T006;DISMISSED;;;Yes - Pass;12;12;;1;0;0;0;0;1;0
23;23;Q;ASSEMBLY;T006;INCOMPLETE;Yes - Fail;Pass;Yes - Pass;188;188;;1;21.499;10.7495;20.025;10.0125;1;0
89;86;P;BODY;T006;INCOMPLETE;Yes - Fail;Pass;Yes - Pass;60;60;;1;25.389;12.6945;25.296;12.648;1;1
90;87;P;BODY;T006;INCOMPLETE;Yes - Fail;Pass;Yes - Pass;41;41;;1;16.395;8.1975;16.345;8.1725;1;1
399;396;O;ASSEMBLY;T006;INCOMPLETE;;;Yes - Pass;14;14;;1;0;0;0;0;1;1
1;1;Q;ASSEMBLY;T006;PASS;Yes - Pass;Pass;Yes - Pass;16;16;;1;7.47;3.735;7.299;3.6495;1;0
2;2;Q;ASSEMBLY;T006;PASS;Yes - Pass;Pass;Yes - Pass;9;9;;1;4.542;2.271;4.449;2.2245;1;0
3;3;Q;ASSEMBLY;T006;PASS;Yes - Pass;Pass;Yes - Pass;9;9;;1;0;0;0;0;1;0
4;4;Q;ASSEMBLY;T006;PASS;Yes - Pass;Pass;Yes - Pass;9;9;;1;0;0;0;0;1;0
5;5;Q;ASSEMBLY;T006;PASS;Yes - Pass;Pass;Yes - Pass;52;52;;1;25.68;12.84;24.106;12.053;1;1
6;6;Q;ASSEMBLY;T006;PASS;Yes - Pass;Pass;Yes - Pass;146;146;;1;50.686;25.343;48.624;24.312;1;1
7;7;Q;ASSEMBLY;T006;PASS;Yes - Pass;Pass;Yes - Pass;11;11;;1;4.666;2.333;4.601;2.3005;1;0
8;8;Q;ASSEMBLY;T006;PASS;Yes - Pass;Pass;Yes - Pass;6;6;;1;3.68;1.84;3.617;1.8085;1;0
9;9;Q;ASSEMBLY;T006;PASS;Yes - Pass;Pass;Yes - Pass;9;9;;1;3.385;1.6925;3.321;1.6605;1;0
12;12;Q;ASSEMBLY;T006;PASS;Yes- Fail;Pass;Yes - Pass;21;21;;1;8.587;4.2935;8.368;4.184;1;1
15;15;Q;ASSEMBLY;T006;PASS;Yes- Fail;Pass;Yes - Pass;99;99;;1;35.963;17.9815;35.47;17.735;1;1
17;17;Q;ASSEMBLY;T006;PASS;Yes- Fail;Pass;Yes - Pass;37;37;;1;2.405;1.2025;2.176;1.088;1;1
19;19;Q;ASSEMBLY;T006;PASS;Yes- Fail;Pass;Yes - Pass;190;190;;1;73.1;36.55;71.206;35.603;1;1
20;20;Q;ASSEMBLY;T006;PASS;Yes- Fail;Pass;Yes - Pass;159;159;;1;60.522;30.261;58.729;29.3645;1;1
21;21;Q;ASSEMBLY;T006;PASS;Yes - Fail;Pass;;41;41;;1;14.196;7.098;14.19;7.095;1;0
24;24;Q;ASSEMBLY;T006;PASS;Yes - Fail;Pass;Yes - Pass;17;17;;1;7.309;3.6545;7.29;3.645;1;0
25;25;Q;ASSEMBLY;T006;PASS;Yes - Fail;Pass;Yes - Pass;135;135;;2;48.124;24.062;47.763;23.8815;2;1
27;27;Q;ASSEMBLY;T006;PASS;Yes - Fail;Pass;Yes - Pass;67;67;;1;23.982;11.991;23.742;11.871;1;1
31;31;Q;ASSEMBLY;T006;PASS;Yes - Fail;Pass;Yes - Pass;294;294;;2;75.219;37.6095;74.804;37.402;2;2
33;33;Q;ASSEMBLY;T006;PASS;Yes - Fail;Pass;Yes - Pass;235;235;;5;74.065;37.0325;73.716;36.858;5;1
35;35;Q;ASSEMBLY;T006;PASS;Yes - Fail;Pass;Yes - Pass;10;0;;1;4.375;2.1875;4.353;2.1765;1;0
47;44;Q;ASSEMBLY;T006;PASS;Yes - Fail;Pass;Yes - Pass;46;46;;1;22.139;11.0695;22.064;11.032;1;0
48;45;Q;ASSEMBLY;T006;PASS;Yes - Fail;Pass;Yes - Pass;16;16;;1;7.417;3.7085;7.361;3.6805;1;0
49;46;Q;ASSEMBLY;T006;PASS;Yes - Fail;Pass;Yes - Pass;16;16;;1;7.402;3.701;7.341;3.6705;1;0
50;47;Q;ASSEMBLY;T006;PASS;Yes - Fail;Pass;Yes - Pass;23;23;;1;10.358;5.179;10.334;5.167;1;0
51;48;Q;ASSEMBLY;T006;PASS;Yes - Fail;Pass;Yes - Pass;16;16;;1;7.548;3.774;7.525;3.7625;1;0
52;49;Q;ASSEMBLY;T006;PASS;Yes - Fail;Pass;Yes - Pass;18;18;;1;8.308;4.154;8.153;4.0765;1;0
53;50;Q;ASSEMBLY;T006;PASS;Yes - Fail;Pass;Yes - Pass;21;21;;1;9.684;4.842;9.633;4.8165;1;1
54;51;Q;ASSEMBLY;T006;PASS;Yes - Fail;Pass;Yes - Pass;18;18;;1;7.952;3.976;7.907;3.9535;1;1
55;52;Q;ASSEMBLY;T006;PASS;Yes - Fail;Pass;Yes - Pass;21;21;;1;9.684;4.842;9.634;4.817;1;1
56;53;Q;ASSEMBLY;T006;PASS;Yes - Fail;Pass;Yes - Pass;19;19;;1;9.015;4.5075;8.998;4.499;1;1
58;55;Q;ASSEMBLY;T006;PASS;Yes - Fail;Pass;Yes - Pass;14;14;;1;6.874;3.437;6.837;3.4185;1;0
59;56;Q;ASSEMBLY;T006;PASS;Yes - Pass;Pass;Yes - Pass;7;7;;1;2.649;1.3245;2.61;1.305;1;0
60;57;Q;ASSEMBLY;T006;PASS;Yes - Pass;Pass;Yes - Pass;7;7;;1;2.665;1.3325;2.633;1.3165;1;0
61;58;Q;ASSEMBLY;T006;PASS;Yes - Fail;Pass;Yes - Pass;8;8;;1;3.098;1.549;3.07;1.535;1;0
62;59;Q;ASSEMBLY;T006;PASS;Yes - Fail;Pass;Yes - Pass;7;7;;1;2.441;1.2205;2.329;1.1645;1;0
63;60;Q;ASSEMBLY;T006;PASS;Yes - Fail;Pass;Yes - Pass;7;7;;1;2.441;1.2205;2.329;1.1645;1;0
64;61;Q;ASSEMBLY;T006;PASS;Yes - Fail;Pass;Yes - Pass;9;9;;1;3.691;1.8455;3.665;1.8325;1;0
65;62;Q;ASSEMBLY;T006;PASS;Yes - Fail;Pass;Yes - Pass;9;9;;1;0;0;0;0;1;0
66;63;Q;ASSEMBLY;T006;PASS;Yes - Fail;Pass;Yes - Pass;9;9;;1;0;0;0;0;1;0
67;64;Q;ASSEMBLY;T006;PASS;Yes - Fail;Pass;Yes - Pass;9;9;;1;0;0;0;0;1;0
68;65;Q;ASSEMBLY;T006;PASS;Yes - Fail;Pass;Yes - Pass;7;7;;1;2.671;1.3355;2.313;1.1565;1;0
69;66;Q;ASSEMBLY;T006;PASS;Yes - Fail;Pass;Yes - Pass;10;10;;1;3.812;1.906;3.793;1.8965;1;0
70;67;Q;ASSEMBLY;T006;PASS;Yes - Fail;Pass;Yes - Pass;8;8;;1;3.247;1.6235;3.205;1.6025;1;0
71;68;Q;ASSEMBLY;T006;PASS;Yes - Fail;Pass;Yes - Pass;8;8;;1;4.017;2.0085;3.861;1.9305;1;0
72;69;Q;ASSEMBLY;T006;PASS;Yes - Fail;Pass;Yes - Pass;7;7;;1;2.508;1.254;2.501;1.2505;1;0
73;70;Q;ASSEMBLY;T006;PASS;Yes - Fail;Pass;Yes - Pass;8;8;;1;3.091;1.5455;3.065;1.5325;1;0
74;71;P;BODY;T006;PASS;Yes - Fail;Pass;Yes - Pass;141;141;;2;69.507;34.7535;69.225;34.6125;2;1
75;72;P;BODY;T006;PASS;Yes - Fail;Pass;Yes - Pass;434;434;;4;54.313;27.1565;54.123;27.0615;4;3
76;73;P;BODY;T006;PASS;Yes - Fail;Pass;Yes - Fail;140;140;;2;45.122;22.561;44.97;22.485;2;1
77;74;P;BODY;T006;PASS;Yes - Fail;Pass;Yes - Pass;433;433;;4;54.309;27.1545;54.124;27.062;4;3
78;75;P;BODY;T006;PASS;Yes - Fail;Pass;Yes - Pass;446;446;;6;48.303;24.1515;47.736;23.868;6;4
79;76;P;BODY;T006;PASS;Yes - Fail;Pass;Yes - Pass;316;316;;4;61.351;30.6755;60.939;30.4695;4;2
81;78;P;BODY;T006;PASS;Yes - Fail;Pass;Yes - Pass;305;305;;4;44.974;22.487;44.672;22.336;4;2
82;79;P;BODY;T006;PASS;Yes - Fail;Pass;Yes - Pass;95;95;;1;44.296;22.148;44.046;22.023;1;1
83;80;P;BODY;T006;PASS;Yes - Fail;Pass;Yes - Pass;95;95;;1;44.207;22.1035;44.071;22.0355;1;1
85;82;P;BODY;T006;PASS;Yes - Fail;Pass;Yes - Pass;142;142;;2;39.848;19.924;39.563;19.7815;2;1
88;85;P;BODY;T006;PASS;Yes - Fail;Pass;Yes - Pass;48;48;;1;20.618;10.309;20.542;10.271;1;1
91;88;P;BODY;T006;PASS;Yes - Fail;Pass;Yes - Pass;69;69;;2;24.51;12.255;24.374;12.187;2;1
92;89;P;BODY;T006;PASS;Yes - Fail;Pass;Yes - Pass;131;131;;2;42.759;21.3795;42.307;21.1535;2;1
94;91;P;BODY;T006;PASS;Yes - Fail;Pass;;93;93;;2;16.472;8.236;16.426;8.213;2;1
95;92;P;BODY;T006;PASS;Yes - Fail;Pass;Yes - Pass;87;87;;1;22.346;11.173;22.159;11.0795;1;1
96;93;P;BODY;T006;PASS;Yes - Fail;Pass;Yes - Pass;88;88;;1;22.293;11.1465;22.159;11.0795;1;1
97;94;P;BODY;T006;PASS;Yes - Fail;Pass;Yes - Pass;86;86;;1;22.51;11.255;22.141;11.0705;1;1
98;95;P;BODY;T006;PASS;Yes - Fail;Pass;Yes - Pass;88;88;;1;22.293;11.1465;22.159;11.0795;1;1
99;96;P;BODY;T006;PASS;Yes - Fail;Pass;Yes - Pass;52;52;;1;19.248;9.624;19.156;9.578;1;1
100;97;P;BODY;T006;PASS;Yes - Fail;Pass;Yes - Pass;87;87;;2;18.846;9.423;18.796;9.398;2;1
102;99;P;BODY;T006;PASS;Yes - Fail;Pass;Yes - Pass;57;57;;1;9.199;4.5995;8.999;4.4995;1;1
103;100;P;BODY;T006;PASS;Yes - Fail;Pass;Yes - Pass;57;57;;1;9.13;4.565;8.999;4.4995;1;1
105;102;P;BODY;T006;PASS;Yes - Fail;Pass;Yes - Pass;157;157;;2;24.182;12.091;24.048;12.024;2;1
108;105;P;BODY;T006;PASS;Yes - Fail;Pass;Yes - Pass;91;91;;2;15.831;7.9155;15.659;7.8295;2;1
109;106;P;BODY;T006;PASS;Yes - Fail;Pass;Yes - Pass;155;155;;4;18.352;9.176;18.152;9.076;4;2
110;107;P;BODY;T006;PASS;Yes - Fail;Pass;Yes - Pass;213;213;;4;27.329;13.6645;27.19;13.595;4;1
111;108;P;BODY;T006;PASS;Yes - Fail;Pass;Yes - Pass;99;99;;1;38.843;19.4215;38.693;19.3465;1;1
112;109;P;BODY;T006;PASS;Yes - Pass;Pass;;63;63;;1;21.904;10.952;21.702;10.851;1;1
113;110;P;BODY;T006;PASS;Yes - Pass;Pass;;60;60;;2;11.7;5.85;11.599;5.7995;2;1
115;112;P;BODY;T006;PASS;Yes - Fail;Pass;Yes - Pass;28;28;;1;11.7;5.85;11.476;5.738;1;1
116;113;P;BODY;T006;PASS;Yes - Fail;Pass;Yes - Pass;26;26;;1;9.976;4.988;9.713;4.8565;1;1
117;114;P;BODY;T006;PASS;Yes - Fail;Pass;Yes - Pass;36;36;;1;20.188;10.094;20.07;10.035;1;1
120;117;P;BODY;T006;PASS;Yes - Pass;Pass;;112;112;;2;33.521;16.7605;33.079;16.5395;2;1
121;118;P;BODY;T006;PASS;Yes - Pass;Pass;;101;101;;2;34.057;17.0285;33.655;16.8275;2;1
122;119;P;BODY;T006;PASS;Yes - Pass;Pass;Yes - Pass;213;213;;2;27.831;13.9155;27.407;13.7035;2;1
123;120;P;BODY;T006;PASS;Yes - Pass;Pass;Yes - Pass;99;99;;1;22.182;11.091;21.976;10.988;1;0
124;121;P;BODY;T006;PASS;Yes - Pass;Pass;Yes - Pass;73;73;;1;19.409;9.7045;19.275;9.6375;1;1
133;130;M;ASSEMBLY;T006;PASS;;;Yes - Pass;15;15;;1;6.729;3.3645;6.667;3.3335;1;0
134;131;M;ASSEMBLY;T006;PASS;;;Yes - Pass;15;16;;1;6.797;3.3985;6.667;3.3335;1;0
135;132;M;ASSEMBLY;T006;PASS;;;Yes - Pass;15;16;;1;0;0;0;0;1;1
136;133;M;ASSEMBLY;T006;PASS;;;Yes - Pass;15;16;;1;0;0;0;0;1;1
137;134;M;ASSEMBLY;T006;PASS;;;Yes - Pass;15;16;;1;0;0;0;0;1;1
138;135;M;ASSEMBLY;T006;PASS;;;Yes - Pass;15;16;;1;0;0;0;0;1;1
139;136;M;ASSEMBLY;T006;PASS;;;Yes - Pass;15;16;;1;0;0;0;0;1;0
140;137;M;ASSEMBLY;T006;PASS;;;Yes - Pass;83;83;;1;26.132;13.066;25.718;12.859;1;1
141;138;M;ASSEMBLY;T006;PASS;;;Yes - Pass;42;42;;1;16.243;8.1215;16.023;8.0115;1;1
142;139;M;ASSEMBLY;T006;PASS;;;Yes - Pass;99;99;;1;34.994;17.497;34.562;17.281;1;1
143;140;M;ASSEMBLY;T006;PASS;;;Yes - Pass;113;113;;1;37.806;18.903;37.335;18.6675;1;1
144;141;M;ASSEMBLY;T006;PASS;;;Yes - Pass;30;30;;1;12.094;6.047;11.924;5.962;1;1
145;142;M;ASSEMBLY;T006;PASS;;;Yes - Pass;15;15;;1;12.094;6.047;5.415;2.7075;1;1
146;143;M;ASSEMBLY;T006;PASS;;;Yes - Pass;102;102;;1;40.411;20.2055;39.753;19.8765;1;1
147;144;M;ASSEMBLY;T006;PASS;;;Yes - Pass;64;64;;1;17.291;8.6455;17.034;8.517;1;1
148;145;M;ASSEMBLY;T006;PASS;;;Yes - Pass;82;82;;1;18.511;9.2555;17.725;8.8625;1;1
149;146;M;ASSEMBLY;T006;PASS;;;Yes - Pass;74;74;;1;18.216;9.108;17.51;8.755;1;1
150;147;M;ASSEMBLY;T006;PASS;;;Yes - Pass;74;74;;1;0;0;0;0;1;1
151;148;M;ASSEMBLY;T006;PASS;;;Yes - Pass;77;78;;1;53.016;26.508;52.545;26.2725;1;1
152;149;M;ASSEMBLY;T006;PASS;;;Yes - Pass;26;26;;1;10.791;5.396;10.772;5.386;1;0
154;151;M;ASSEMBLY;T006;PASS;;;Yes - Pass;144;144;;1;28.446;14.223;27.113;13.5565;1;1
155;152;M;ASSEMBLY;T006;PASS;;;Yes - Pass;181;181;;1;32.467;16.2335;31.024;15.512;1;1
156;153;M;ASSEMBLY;T006;PASS;;;Yes - Pass;174;174;;1;32.399;16.1995;31.096;15.548;1;1
157;154;M;ASSEMBLY;T006;PASS;;;Yes - Pass;220;220;;1;41.197;20.5985;39.223;19.6115;1;1
158;155;M;ASSEMBLY;T006;PASS;;;Yes - Pass;212;212;;1;41.537;20.7685;39.54;19.77;1;1
159;156;M;ASSEMBLY;T006;PASS;;;Yes - Pass;111;111;;1;15.985;7.9925;15.914;7.957;2;1
160;157;M;ASSEMBLY;T006;PASS;;;Yes - Pass;41;41;;1;6.43;3.215;6.042;3.021;1;1
161;158;M;ASSEMBLY;T006;PASS;;;Yes - Pass;228;228;;1;19.7631;9.88155;18.773;9.3865;1;1
162;159;M;ASSEMBLY;T006;PASS;;;Yes - Pass;83;83;;1;12.482;6.241;11.898;5.949;1;1
163;160;M;ASSEMBLY;T006;PASS;;;Yes - Pass;175;175;;1;18.403;9.2015;17.779;8.8895;1;1
164;161;M;ASSEMBLY;T006;PASS;;;Yes - Pass;109;109;;1;17.776;8.888;16.808;8.404;1;1
165;162;M;ASSEMBLY;T006;PASS;;;Yes - Pass;75;75;;1;11.634;5.817;10.863;5.4315;1;1
166;163;M;ASSEMBLY;T006;PASS;;;Yes - Pass;79;79;;1;11.916;5.958;11.398;5.699;1;1
167;164;M;ASSEMBLY;T006;PASS;;;Yes - Pass;58;58;;1;7.963;3.9815;7.369;3.6845;1;1
168;165;M;ASSEMBLY;T006;PASS;;;Yes - Pass;159;159;;2;52.974;26.487;52.59;26.295;2;1
169;166;M;ASSEMBLY;T006;PASS;;;Yes - Pass;168;168;;2;59.675;29.8375;59.349;29.6745;2;1
170;167;M;ASSEMBLY;T006;PASS;;;Yes - Pass;19;19;;1;8.307;4.1535;8.147;4.0735;1;0
171;168;M;ASSEMBLY;T006;PASS;;;Yes - Pass;19;19;;1;8.243;4.1215;8.143;4.0715;1;0
172;169;M;ASSEMBLY;T006;PASS;;;Yes - Pass;322;323;;2;75.765;37.8825;75.41;37.705;2;2
173;170;M;ASSEMBLY;T006;PASS;;;Yes - Pass;84;84;;1;34.197;17.0985;34.035;17.0175;1;1
174;171;M;ASSEMBLY;T006;PASS;;;Yes - Pass;269;269;;2;86.075;43.0375;85.844;42.922;2;1
175;172;M;ASSEMBLY;T006;PASS;;;Yes - Pass;12;12;;1;4.938;2.469;4.789;2.3945;1;0
188;185;M;ASSEMBLY;T006;PASS;;;Yes - Pass;53;53;;1;26.085;13.0425;26.034;13.017;1;0
189;186;M;ASSEMBLY;T006;PASS;;;Yes - Pass;16;16;;1;7.846;3.923;7.825;3.9125;1;0
190;187;M;ASSEMBLY;T006;PASS;;;Yes - Pass;27;27;;1;13.938;6.969;13.622;6.811;1;0
191;188;M;ASSEMBLY;T006;PASS;;;Yes - Pass;16;16;;1;2.135;1.0675;2.12;1.06;1;0
192;189;M;ASSEMBLY;T006;PASS;;;Yes - Pass;19;19;;1;3.466;1.733;3.311;1.6555;1;0
193;190;M;ASSEMBLY;T006;PASS;;;Yes - Pass;24;24;;1;12.412;6.206;12.319;6.1595;1;0
194;191;M;ASSEMBLY;T006;PASS;;;Yes - Pass;26;26;;1;12.949;6.4745;12.926;6.463;1;0
195;192;M;ASSEMBLY;T006;PASS;;;Yes - Pass;25;25;;1;13.019;6.5095;12.926;6.463;1;0
196;193;M;ASSEMBLY;T006;PASS;;;Yes - Pass;25;25;;1;12.412;6.206;12.318;6.159;1;0
197;194;M;ASSEMBLY;T006;PASS;;;Yes - Pass;13;13;;1;5.552;2.776;5.45;2.725;1;0
198;195;M;ASSEMBLY;T006;PASS;;;Yes - Pass;11;11;;1;5.815;2.9075;5.714;2.857;1;0
199;196;M;ASSEMBLY;T006;PASS;;;Yes - Pass;11;11;;1;5.815;2.9075;5.714;2.857;1;0
200;197;M;ASSEMBLY;T006;PASS;;;Yes - Pass;8;8;;1;3.529;1.7645;3.414;1.707;1;0
201;198;M;ASSEMBLY;T006;PASS;;;Yes - Pass;8;8;;1;3.295;1.6475;3.177;1.5885;1;0
202;199;M;ASSEMBLY;T006;PASS;;;Yes - Pass;6;6;;1;2.034;1.017;1.953;0.9765;1;0
203;200;M;ASSEMBLY;T006;PASS;;;Yes - Pass;7;7;;1;1.884;0.942;1.859;0.9295;1;0
204;201;M;ASSEMBLY;T006;PASS;;;Yes - Pass;7;7;;1;1.884;0.942;1.859;0.9295;1;0
205;202;M;ASSEMBLY;T006;PASS;;;Yes - Pass;8;8;;1;4.05;2.025;4.022;2.011;1;0
206;203;M;ASSEMBLY;T006;PASS;;;Yes - Pass;8;8;;1;2.712;1.356;2.667;1.3335;1;0
207;204;M;ASSEMBLY;T006;PASS;;;Yes - Pass;8;8;;1;3.394;1.697;3.348;1.674;1;0
208;205;M;ASSEMBLY;T006;PASS;;;Yes - Pass;7;7;;1;1.929;0.9645;1.907;0.9535;1;0
209;206;L;BODY;T006;PASS;;;Yes - Pass;145;146;;2;46.922;23.461;46.799;23.3995;2;1
210;207;L;BODY;T006;PASS;;;Yes - Pass;162;201;;2;52.337;26.1685;52.093;26.0465;2;2
211;208;L;BODY;T006;PASS;;;Yes - Pass;146;146;;2;42.929;21.4645;42.799;23.3995;2;1
212;209;L;BODY;T006;PASS;;;Yes - Pass;163;206;;2;76.826;38.413;74.454;37.227;2;2
213;210;L;BODY;T006;PASS;;;Yes - Pass;465;464;;5;57.059;28.5295;56.7;28.35;5;3
214;211;L;BODY;T006;PASS;;;Yes - Pass;235;293;;3;46.52;23.26;46.198;23.099;3;2
215;212;L;BODY;T006;PASS;;;Yes - Pass;265;348;;4;65.92;32.96;65.753;32.8765;4;2
216;213;L;BODY;T006;PASS;;;Yes - Pass;286;286;;2;36.037;18.0185;35.819;17.9095;2;1
217;214;L;BODY;T006;PASS;;;Yes - Pass;69;69;;1;36.186;18.093;36.107;18.0535;1;1
218;215;L;BODY;T006;PASS;;;Yes - Pass;423;423;;4;62.424;31.212;62.272;31.136;4;2
219;216;L;BODY;T006;PASS;;;Yes - Pass;227;311;;4;35.133;17.5665;35.017;17.5085;4;2
220;217;L;BODY;T006;PASS;;;Yes - Pass;296;295;;6;81.71;40.855;81.505;40.7525;6;4
221;218;L;BODY;T006;PASS;;;Yes - Pass;154;154;;2;78.971;39.4855;78.708;39.354;2;1
222;219;L;BODY;T006;PASS;;;Yes - Pass;46;46;;2;13.666;6.833;13.622;6.811;2;1
223;220;L;BODY;T006;PASS;;;Yes - Pass;36;36;;1;15.904;7.952;15.875;7.9375;1;1
224;221;L;BODY;T006;PASS;;;Yes - Pass;50;50;;1;25.765;12.8825;24.209;12.1045;1;1
225;222;L;BODY;T006;PASS;;;Yes - Pass;407;407;;4;66.729;33.3645;66.573;33.2865;4;2
226;223;L;BODY;T006;PASS;;;Yes - Pass;367;367;;4;73.586;36.793;73.057;36.5285;4;3
227;224;L;BODY;T006;PASS;;;Yes - Pass;286;286;;2;36.031;18.0155;35.817;17.9085;2;1
228;225;L;BODY;T006;PASS;;;Yes - Pass;40;40;;1;18.796;9.398;18.771;9.3855;1;1
229;226;L;BODY;T006;PASS;;;Yes - Pass;42;50;;1;19.941;9.9705;19.86;9.93;1;1
230;227;L;BODY;T006;PASS;;;Yes - Pass;136;135;;2;45.414;22.707;45.322;22.661;2;1
231;228;L;BODY;T006;PASS;;;Yes - Pass;17;17;;1;10.23;5.115;10.1;5.05;1;1
232;229;L;BODY;T006;PASS;;;Yes - Pass;169;169;;3;29.241;14.6205;29.19;14.595;3;2
233;230;L;BODY;T006;PASS;;;Yes - Pass;63;63;;3;30.676;15.338;30.552;15.276;1;1
234;231;L;BODY;T006;PASS;;;Yes - Pass;63;63;;1;30.656;15.328;30.55;15.275;1;1
235;232;L;BODY;T006;PASS;;;Yes - Pass;49;48;;1;24.542;12.271;24.452;12.226;1;1
236;233;L;BODY;T006;PASS;;;Yes - Pass;214;213;;5;35.671;17.8355;35.509;17.7545;5;4
237;234;L;BODY;T006;PASS;;;Yes - Pass;165;177;;3;30.496;15.248;30.391;15.1955;3;1
238;235;L;BODY;T006;PASS;;;Yes - Pass;669;691;;8;67.735;33.8675;67.434;33.717;8;5
239;236;L;BODY;T006;PASS;;;Yes - Pass;669;709;;8;67.812;33.906;67.442;33.721;8;5
240;237;L;BODY;T006;PASS;;;Yes - Pass;141;147;;2;27.574;13.787;27.363;13.6815;2;1
241;238;L;BODY;T006;PASS;;;Yes - Pass;31;31;;1;11.723;5.8615;11.624;5.812;1;1
242;239;L;BODY;T006;PASS;;;Yes - Pass;31;31;;1;11.105;5.5525;11.016;5.508;1;1
243;240;L;BODY;T006;PASS;;;Yes - Pass;29;29;;1;11.16;5.58;11.054;5.527;1;1
244;241;L;BODY;T006;PASS;;;Yes - Pass;31;30;;1;11.494;5.747;11.363;5.6815;1;1
245;242;L;BODY;T006;PASS;;;Yes - Pass;29;29;;1;10.579;5.2895;10.478;5.239;1;1
246;243;L;BODY;T006;PASS;;;Yes - Pass;91;90;;1;28.828;14.414;28.613;14.3065;1;1
247;244;L;BODY;T006;PASS;;;Yes - Pass;97;97;;1;32.731;16.3655;32.233;16.1165;1;1
248;245;L;BODY;T006;PASS;;;Yes - Pass;87;87;;1;27.654;13.827;27.381;13.6905;1;1
249;246;L;BODY;T006;PASS;;;Yes - Pass;99;99;;1;7.874;3.937;7.297;3.6485;1;1
250;247;L;BODY;T006;PASS;;;Yes - Pass;272;272;;2;30.879;15.4395;28.648;14.324;2;1
251;248;L;BODY;T006;PASS;;;Yes - Pass;161;161;;1;23.199;11.5995;21.278;10.639;1;1
252;249;L;BODY;T006;PASS;;;Yes - Pass;198;198;;1;63.867;31.9335;62.929;31.4645;1;1
253;250;L;BODY;T006;PASS;;;Yes - Pass;272;272;;1;53.602;26.801;52.644;26.322;1;1
254;251;L;BODY;T006;PASS;;;Yes - Pass;272;272;;1;17.082;8.541;16.454;8.227;1;1
255;252;L;BODY;T006;PASS;;;Yes - Pass;119;118;;1;26.331;13.1655;25.708;12.854;1;0
256;253;L;BODY;T006;PASS;;;Yes - Pass;195;195;;1;62.246;31.123;61.42;30.71;1;1
257;254;L;BODY;T006;PASS;;;Yes - Pass;97;97;;1;29.857;14.9285;29.372;14.686;1;1
258;255;L;BODY;T006;PASS;;;Yes - Pass;37;37;;1;20.659;10.3295;20.555;10.2775;1;1
259;256;L;BODY;T006;PASS;;;Yes - Pass;139;138;;1;37.365;18.6825;36.674;18.337;1;1
260;257;L;BODY;T006;PASS;;;Yes - Pass;35;35;;1;22.083;11.0415;21.97;10.985;1;1
261;258;L;BODY;T006;PASS;;;Yes - Pass;369;369;;5;43.485;21.7425;43.232;21.616;5;4
262;259;E;BODY;T002;PASS;;;PASS;228;291;YES-PASS;1;26.88;13.44;26.134;13.067;4;1
263;260;E;BODY;T002;PASS;;;PASS;169;201;YES-PASS;1;36.32;18.16;35.685;17.8425;4;1
264;261;E;BODY;T002;PASS;;;PASS;77;84;YES-PASS;1;25.997;12.9985;25.771;12.8855;2;1
265;262;E;BODY;T002;PASS;;;PASS;91;98;YES-PASS;1;41.983;20.9915;41.314;20.657;1;1
266;263;E;BODY;T002;PASS;;;PASS;101;145;N.A.;1;51.222;25.611;50.776;25.388;2;1
267;264;E;BODY;T002;PASS;;;N.A;11;11;N.A;1;4.204;2.102;4.041;2.0205;1;0
268;265;E;BODY;T002;PASS;;;PASS;42;43;N.A.;1;5.377;2.6885;4.963;2.4815;1;1
269;266;E;BODY;T002;PASS;;;N.A;32;33;N.A;1;13.779;6.8895;13.284;6.642;1;0
270;267;E;BODY;T002;PASS;;;N.A;23;24;N.A;1;14.615;7.3075;14.427;7.2135;1;0
271;268;E;BODY;T002;PASS;;;N.A;36;37;N.A;1;23.984;11.992;23.652;11.826;1;0
272;269;E;BODY;T002;PASS;;;N.A;12;12;N.A;1;4.172;2.086;4.17;2.085;1;0
273;270;E;BODY;T002;PASS;;;N.A;9;9;N.A;1;3.071;1.5355;2.889;1.4445;1;0
274;271;E;BODY;T002;PASS;;;N.A;20;19;N.A;1;8.84;4.42;8.658;4.329;1;0
275;272;E;BODY;T002;PASS;;;PASS;103;144;N.A.;1;51.182;25.591;50.777;25.3885;2;1
276;273;E;BODY;T002;PASS;;;PASS;74;87;YES-PASS;1;6.33;3.165;5.85;2.925;1;1
277;274;E;BODY;T002;PASS;;;PASS;23;25;YES-PASS;1;9.236;4.618;9.012;4.506;1;1
278;275;E;BODY;T002;PASS;;;PASS;71;78;YES-PASS;1;26.277;13.1385;25.844;12.922;1;1
279;276;E;BODY;T002;PASS;;;PASS;128;130;N.A.;1;39.063;19.5315;38.583;19.2915;2;1
280;277;E;BODY;T002;PASS;;;PASS;72;96;YES-PASS;1;35.523;17.7615;35.044;17.522;1;1
281;278;E;BODY;T002;PASS;;;PASS;141;182;YES-PASS;1;17.199;8.5995;16.333;8.1665;1;1
282;279;E;BODY;T002;PASS;;;PASS;130;142;YES-PASS;1;39.574;19.787;39.158;19.579;2;1
283;280;E;BODY;T002;PASS;;;PASS;156;204;YES-PASS;1;42.264;21.132;41.654;20.827;3;1
284;281;E;BODY;T002;PASS;;;PASS;130;145;YES-NO PASS;1;20.324;10.162;19.756;9.878;3;1
285;282;E;BODY;T002;PASS;;;NO;45;45;NO;1;22.124;11.062;22.114;11.057;1;0
286;283;E;BODY;T002;PASS;;;NO;43;44;NO;1;21.322;10.661;20.526;10.263;1;0
288;285;E;BODY;T002;PASS;;;NO;59;59;NO;1;28.012;14.006;27.981;13.9905;1;0
289;286;E;BODY;T002;PASS;;;NO;147;147;NO;1;66.357;33.1785;66.117;33.0585;1;0
290;287;E;BODY;T002;PASS;;;NO;172;172;NO;1;64.706;32.353;64.617;32.3085;1;0
291;288;K;ASSEMBLY;T004;PASS;;;Yes - Pass;48;48;YES;1;20.978;10.489;19.368;9.684;1;1
292;289;K;ASSEMBLY;T004;PASS;;;Yes - Pass;121;121;YES;1;42.735;21.3675;40.705;20.3525;1;1
293;290;K;ASSEMBLY;T004;PASS;;;Yes - Pass;69;69;YES;1;29.733;14.8665;27.794;13.897;1;1
294;291;K;ASSEMBLY;T004;PASS;;;Yes - Pass;10;10;YES;1;4.605;2.3025;4.543;2.2715;1;1
295;292;K;ASSEMBLY;T004;PASS;;;Yes - Pass;69;69;YES;1;28.275;14.1375;26.397;13.1985;1;1
296;293;K;ASSEMBLY;T004;PASS;;;Yes - Pass;10;10;YES;1;4.826;2.413;4.72;2.36;1;1
297;294;K;ASSEMBLY;T004;PASS;;;Yes - Pass;13;13;YES;1;4.363;2.1815;4.292;2.146;1;0
298;295;K;ASSEMBLY;T004;PASS;;;Yes - Pass;13;13;;1;4.863;2.4315;4.804;2.402;1;0
299;296;K;ASSEMBLY;T004;PASS;;;Yes - Pass;13;13;;1;4.241;2.1205;4.192;2.096;1;1
300;297;K;ASSEMBLY;T004;PASS;;;Yes - Pass;13;13;;1;4.253;2.1265;4.192;2.096;1;1
301;298;K;ASSEMBLY;T004;PASS;;;Yes - Pass;13;13;;1;4.248;2.124;4.192;2.096;1;1
302;299;K;ASSEMBLY;T004;PASS;;;Yes - Pass;13;13;YES;1;4.239;2.1195;4.192;2.096;1;1
303;300;K;ASSEMBLY;T004;PASS;;;Yes - Pass;6;6;;1;1.195;0.5975;1.125;0.5625;1;0
304;301;K;ASSEMBLY;T004;PASS;;;Yes - Pass;19;19;YES;1;6.123;3.0615;6.064;3.032;1;1
305;302;K;ASSEMBLY;T004;PASS;;;Yes - Pass;76;76;YES;1;26.892;13.446;26.668;13.334;1;1
306;303;K;ASSEMBLY;T004;PASS;;;Yes - Pass;24;24;YES;1;9.27;4.635;9.203;4.6015;1;1
307;304;K;ASSEMBLY;T004;PASS;;;Yes - Pass;120;120;YES;1;40.071;20.0355;39.711;19.8555;1;1
308;305;K;ASSEMBLY;T004;PASS;;;Yes - Pass;75;75;YES;1;27.719;13.8595;27.497;13.7485;1;1
309;306;K;ASSEMBLY;T004;PASS;;;Yes - Pass;22;22;YES;1;6.806;3.403;6.749;3.3745;1;1
310;307;K;ASSEMBLY;T004;PASS;;;Yes - Pass;66;66;YES;1;21.424;10.712;21.058;10.529;1;1
311;308;K;ASSEMBLY;T004;PASS;;;Yes - Pass;10;10;YES;1;2.588;1.294;2.58;1.29;1;0
312;309;K;ASSEMBLY;T004;PASS;;;Yes - Pass;95;95;YES;1;16.862;8.431;16.462;8.231;1;1
313;310;K;ASSEMBLY;T004;PASS;;;Yes - Pass;216;216;YES;1;17.072;8.536;16.641;8.3205;1;1
314;311;K;ASSEMBLY;T004;PASS;;;Yes - Pass;149;149;YES;1;25.75;12.875;25.109;12.5545;1;1
315;312;K;ASSEMBLY;T004;PASS;;;Yes - Pass;168;168;YES;1;45.792;22.896;45.302;22.651;1;1
316;313;K;ASSEMBLY;T004;PASS;;;Yes - Pass;71;71;YES;1;10.767;5.3835;10.626;5.313;1;1
317;314;K;ASSEMBLY;T005;PASS;;;Yes - Pass;70;70;YES;1;8.07;4.035;7.936;3.968;1;1
318;315;K;ASSEMBLY;T005;PASS;;;Yes - Pass;71;71;YES;1;9.82;4.91;9.69;4.845;1;1
319;316;K;ASSEMBLY;T005;PASS;;;Yes - Pass;49;49;YES;1;8.241;4.1205;8.143;4.0715;1;1
320;317;K;ASSEMBLY;T005;PASS;;;Yes - Pass;42;42;YES;1;5.03;2.515;4.94;2.47;1;1
321;318;K;ASSEMBLY;T004;PASS;;;Yes - Pass;171;171;YES;1;49.953;24.9765;49.814;24.907;1;1
322;319;K;ASSEMBLY;T004;PASS;;;Yes - Pass;114;114;YES;1;20.812;10.406;20.551;10.2755;1;1
323;320;K;ASSEMBLY;T004;PASS;;;Yes - Pass;118;118;YES;1;39.667;19.8335;38.195;19.0975;1;1
324;321;K;ASSEMBLY;T004;PASS;;;Yes - Pass;12;12;;1;4.957;2.4785;4.928;2.464;1;0
325;322;K;ASSEMBLY;T004;PASS;;;Yes - Pass;12;12;YES;1;4.957;2.4785;4.928;2.464;1;0
326;323;K;ASSEMBLY;T004;PASS;;;Yes - Pass;73;73;YES;1;21.256;10.628;20.714;10.357;1;1
327;324;K;ASSEMBLY;T004;PASS;;;Yes - Pass;13;13;YES;1;5.383;2.6915;5.316;2.658;1;0
328;325;K;ASSEMBLY;T004;PASS;;;Yes - Pass;229;229;YES;1;53.793;26.8965;53.559;26.7795;2;1
329;326;K;ASSEMBLY;T004;PASS;;;Yes - Pass;350;350;YES;1;68.02;34.01;67.75;33.875;2;1
330;327;K;ASSEMBLY;T004;PASS;;;Yes - Pass;8;8;YES;1;1.406;0.703;1.397;0.6985;1;0
331;328;K;ASSEMBLY;T004;PASS;;;Yes - Pass;13;13;YES;1;4.931;2.4655;4.906;2.453;1;0
332;329;K;ASSEMBLY;T004;PASS;;;Yes - Pass;12;12;YES;1;4.92;2.46;4.897;2.4485;1;0
333;330;K;ASSEMBLY;T004;PASS;;;Yes - Pass;14;14;YES;1;5.248;2.624;5.221;2.6105;1;0
334;331;K;ASSEMBLY;T004;PASS;;;Yes - Pass;14;14;YES;1;5.244;2.622;5.221;2.6105;1;0
335;332;K;ASSEMBLY;T004;PASS;;;Yes - Pass;17;17;YES;1;7.31;3.655;7.28;3.64;1;0
336;333;K;ASSEMBLY;T004;PASS;;;Yes - Pass;17;19;;1;7.311;3.6555;7.28;3.64;1;0
337;334;K;ASSEMBLY;T004;PASS;;;Yes - Pass;17;19;YES;1;7.399;3.6995;7.336;3.668;1;0
338;335;K;ASSEMBLY;T004;PASS;;;Yes - Pass;17;18;;1;7.367;3.6835;7.336;3.668;1;0
339;336;K;ASSEMBLY;T004;PASS;;;Yes - Pass;17;19;YES;1;7.198;3.599;7.12;3.56;1;0
340;337;K;ASSEMBLY;T004;PASS;;;Yes - Pass;16;17;;1;6.327;3.1635;6.305;3.1525;1;0
341;338;K;ASSEMBLY;T004;PASS;;;Yes - Pass;16;17;;1;6.328;3.164;6.305;3.1525;1;0
342;339;K;ASSEMBLY;T004;PASS;;;Yes - Pass;16;17;;1;6.329;3.1645;6.305;3.1525;1;0
343;340;K;ASSEMBLY;T004;PASS;;;Yes - Pass;16;17;YES;1;6.329;3.1645;6.305;3.1525;1;0
344;341;K;ASSEMBLY;T004;PASS;;;Yes - Pass;16;17;;1;6.327;3.1635;6.305;3.1525;1;0
345;342;K;ASSEMBLY;T004;PASS;;;Yes - Pass;52;52;YES;1;25.053;12.5265;25.01;12.505;1;0
346;343;K;ASSEMBLY;T004;PASS;;;Yes - Pass;17;17;;1;6.876;3.438;6.864;3.432;1;0
347;344;K;ASSEMBLY;T004;PASS;;;Yes - Pass;17;16;YES;1;6.875;3.4375;6.865;3.4325;1;0
348;345;K;ASSEMBLY;T004;PASS;;;Yes - Pass;29;29;YES;1;12.797;6.3985;12.765;6.3825;1;0
349;346;K;ASSEMBLY;T004;PASS;;;Yes - Pass;16;18;YES;1;3.173;1.5865;3.256;1.628;1;0
350;347;K;ASSEMBLY;T004;PASS;;;Yes - Pass;13;13;YES;1;5.377;2.6885;5.353;2.6765;1;0
351;348;K;ASSEMBLY;T004;PASS;;;Yes - Pass;13;13;;1;5.333;2.6665;5.305;2.6525;1;0
352;349;K;ASSEMBLY;T004;PASS;;;Yes - Pass;10;10;YES;1;3.474;1.737;3.461;1.7305;1;0
353;350;K;ASSEMBLY;T004;PASS;;;Yes - Pass;8;8;;1;1.685;0.8425;1.665;0.8325;1;0
354;351;K;ASSEMBLY;T004;PASS;;;Yes - Pass;8;8;;1;1.585;0.7925;1.568;0.784;1;0
355;352;K;ASSEMBLY;T004;PASS;;;Yes - Pass;13;13;;1;4.887;2.4435;4.868;2.434;1;0
356;353;K;ASSEMBLY;T004;PASS;;;Yes - Pass;8;8;YES;1;1.998;0.999;1.969;0.9845;1;0
357;354;K;ASSEMBLY;T004;PASS;;;Yes - Pass;12;12;;1;3.934;1.967;3.904;1.952;1;0
358;355;K;ASSEMBLY;T004;PASS;;;Yes - Pass;8;8;;1;1.72;0.86;1.713;0.8565;1;0
359;356;K;ASSEMBLY;T004;PASS;;;Yes - Pass;9;9;;1;4.388;2.194;4.245;2.1225;1;0
360;357;K;ASSEMBLY;T004;PASS;;;Yes - Pass;9;9;;1;2.456;1.228;2.409;1.2045;1;0
361;358;K;ASSEMBLY;T004;PASS;;;Yes - Pass;8;8;;1;1.919;0.9595;1.889;0.9445;1;0
362;359;J;BODY;T004;PASS;;;Yes - Pass;84;94;YES;1;34.55804;17.27902;34.38873;17.194365;1;2
363;360;J;BODY;T004;PASS;;;Yes - Pass;380;437;YES;2;55.02993;27.514965;54.90213;27.451065;4;3
364;361;J;BODY;T004;PASS;;;Yes - Pass;84;91;YES;1;32.47495;16.237475;32.28633;16.143165;1;2
365;362;J;BODY;T004;PASS;;;Yes - Pass;380;437;YES;2;57.90274;28.95137;57.79285;28.896425;4;3
366;363;J;BODY;T004;PASS;;;Yes - Pass;501;548;YES;3;59.72152;29.86076;59.59818;29.79909;6;4
367;364;J;BODY;T004;PASS;;;Yes - Pass;187;212;YES;1;41.9454;20.9727;41.75689;20.878445;2;2
368;365;J;BODY;T004;PASS;;;Yes - Pass;64;64;YES;1;27.41492;13.70746;27.29645;13.648225;1;1
369;366;J;BODY;T004;PASS;;;Yes - Pass;135;135;;1;58.07856;29.03928;57.8859;28.94295;2;1
370;367;J;BODY;T004;PASS;;;Yes - Pass;49;49;;1;20.05425;10.027125;19.96457;9.982285;1;1
371;368;J;BODY;T004;PASS;;;Yes - Pass;40;40;YES;1;15.60564;7.80282;15.53642;7.76821;1;1
372;369;J;BODY;T004;PASS;;;Yes - Pass;73;73;YES;1;16.76616;8.38308;16.68258;8.34129;2;1
373;370;J;BODY;T004;PASS;;;Yes - Pass;73;73;YES;1;19.10821;9.554105;18.99414;9.49707;2;1
374;371;J;BODY;T004;PASS;;;Yes - Pass;133;143;YES;1;26.97921;13.489605;26.86831;13.434155;3;1
375;372;J;BODY;T004;PASS;;;Yes - Pass;133;136;YES;1;26.99944;13.49972;26.86896;13.43448;3;1
376;373;J;BODY;T004;PASS;;;Yes - Pass;54;56;YES;1;19.51333;9.756665;19.38923;9.694615;1;1
377;374;J;BODY;T004;PASS;;;Yes - Pass;53;57;;1;19.46239;9.731195;19.38922;9.69461;1;1
378;375;J;BODY;T004;PASS;;;Yes - Pass;133;136;YES;1;26.96926;13.48463;26.86055;13.430275;3;1
379;376;J;BODY;T004;PASS;;;Yes - Pass;133;138;YES;1;26.97221;13.486105;26.8608;13.4304;3;1
380;377;J;BODY;T004;PASS;;;Yes - Pass;99;105;YES;1;43.92823;21.964115;43.7516;21.8758;2;1
381;378;J;BODY;T004;PASS;;;Yes - Pass;178;178;YES;2;55.76031;27.880155;55.46754;27.73377;3;1
382;379;J;BODY;T004;PASS;;;Yes - Pass;145;145;YES;2;58.32198;29.16099;58.14251;29.071255;2;1
383;380;J;BODY;T003;PASS;;;Yes - Pass;106;106;YES;1;20.1479;10.07395;19.49051;9.745255;1;1
384;381;J;BODY;T003;PASS;;;Yes - Pass;143;143;YES;1;29.59595;14.797975;28.95059;14.475295;1;1
385;382;J;BODY;T004;PASS;;;Yes - Pass;156;156;YES;1;33.4053;16.70265;32.98177;16.490885;1;1
386;383;J;BODY;T004;PASS;;;Yes - Pass;135;135;YES;1;29.47136;14.73568;29.16973;14.584865;1;1
387;384;J;BODY;T004;PASS;;;Yes - Pass;127;127;YES;1;25.76712;12.88356;25.41603;12.708015;1;1
388;385;J;BODY;T004;PASS;;;Yes - Pass;76;76;YES;1;15.84022;7.92011;15.58826;7.79413;1;1
389;386;J;BODY;T004;PASS;;;Yes - Pass;37;37;YES;1;13.01199;6.505995;12.89895;6.449475;1;1
390;387;J;BODY;T004;PASS;;;Yes - Pass;37;37;YES;1;12.99639;6.498195;12.89922;6.44961;1;1
391;388;J;BODY;T004;PASS;;;Yes - Pass;114;114;YES;1;23.01214;11.50607;21.90482;10.95241;1;0
392;389;O;ASSEMBLY;T006;PASS;;;Yes - Pass;16;16;;1;6.825;3.4125;6.682;3.341;1;0
393;390;O;ASSEMBLY;T006;PASS;;;Yes - Pass;70;70;;1;37.637;18.8185;35.755;17.8775;1;1
394;391;O;ASSEMBLY;T006;PASS;;;Yes - Pass;60;60;;1;31.332;15.666;29.51;14.755;1;1
395;392;O;ASSEMBLY;T006;PASS;;;Yes - Pass;9;9;;1;3.252;1.626;3.163;1.5815;1;0
396;393;O;ASSEMBLY;T006;PASS;;;Yes - Pass;132;132;;2;52.479;26.2395;52.038;26.019;2;1
397;394;O;ASSEMBLY;T006;PASS;;;Yes - Pass;60;60;;1;24.111;12.0555;23.829;11.9145;1;1
398;395;O;ASSEMBLY;T006;PASS;;;Yes - Pass;14;14;;1;5.931;2.9655;5.441;2.7205;1;1
400;397;O;ASSEMBLY;T006;PASS;;;Yes - Pass;34;34;;1;13.109;6.5545;12.842;6.421;1;1
401;398;O;ASSEMBLY;T006;PASS;;;Yes - Pass;45;45;;1;21.166;10.583;20.517;10.2585;1;1
402;399;O;ASSEMBLY;T006;PASS;;;Yes - Pass;55;55;;1;8.3;4.15;7.746;3.873;1;1
403;400;O;ASSEMBLY;T006;PASS;;;Yes - Pass;83;83;;2;18.598;9.299;17.957;8.9785;1;1
404;401;O;ASSEMBLY;T006;PASS;;;Yes - Pass;68;68;;1;11.806;5.903;11.294;5.647;1;1
405;402;O;ASSEMBLY;T006;PASS;;;Yes - Pass;73;73;;1;12.54;6.27;12.082;6.041;1;1
406;403;O;ASSEMBLY;T006;PASS;;;Yes - Pass;195;195;;1;37.494;18.747;35.759;17.8795;1;1
407;404;O;ASSEMBLY;T006;PASS;;;Yes - Pass;43;44;;1;14.868;7.434;14.356;7.178;1;1
408;405;O;ASSEMBLY;T006;PASS;;;Yes - Pass;11;11;;1;3.127;1.5635;3.141;1.5705;1;1
409;406;O;ASSEMBLY;T006;PASS;;;Yes - Pass;24;24;;1;10.731;5.3655;10.565;5.2825;1;1
415;412;O;ASSEMBLY;T006;PASS;;;Yes - Pass;15;15;;1;6.721;3.3605;6.601;3.3005;1;0
416;413;O;ASSEMBLY;T006;PASS;;;Yes - Pass;29;29;;1;13.352;6.676;13.201;6.6005;1;0
417;414;O;ASSEMBLY;T006;PASS;;;Yes - Pass;10;10;;1;3.749;1.8745;3.613;1.8065;1;0
418;415;O;ASSEMBLY;T006;PASS;;;Yes - Pass;24;24;;1;11.809;5.9045;11.709;5.8545;1;1
419;416;O;ASSEMBLY;T006;PASS;;;Yes - Pass;8;8;;1;1.944;0.972;1.725;0.8625;1;0
420;417;O;ASSEMBLY;T006;PASS;;;Yes - Pass;8;8;;1;3.581;1.7905;3.205;1.6025;1;0
421;418;O;ASSEMBLY;T006;PASS;;;Yes - Pass;8;8;;1;2.617;1.3085;2.538;1.269;1;0
422;419;O;ASSEMBLY;T006;PASS;;;Yes - Pass;8;8;;1;3.249;1.6245;3.209;1.6045;1;0
423;420;O;ASSEMBLY;T006;PASS;;;Yes - Pass;7;7;;1;2.765;1.3825;2.649;1.3245;1;0
424;421;O;ASSEMBLY;T006;PASS;;;Yes - Pass;7;7;;1;3.175;1.5875;3.121;1.5605;1;0
425;422;O;ASSEMBLY;T006;PASS;;;Yes - Pass;7;7;;1;2.71;1.355;2.609;1.3045;1;0
426;423;O;ASSEMBLY;T006;PASS;;;Yes - Pass;13;14;;1;6.353;3.1765;6.263;3.1315;1;0
427;424;O;ASSEMBLY;T006;PASS;;;Yes - Pass;7;7;;1;3.51;1.755;3.393;1.6965;1;0
428;425;O;ASSEMBLY;T006;PASS;;;Yes - Pass;10;10;;1;4.929;2.4645;4.833;2.4165;1;0
429;426;O;ASSEMBLY;T006;PASS;;;Yes - Pass;10;10;;1;0;0;0;0;1;0
430;427;O;ASSEMBLY;T006;PASS;;;Yes - Pass;7;7;;1;2.582;1.291;2.533;1.2665;1;0
431;428;O;ASSEMBLY;T006;PASS;;;Yes - Pass;7;7;;1;0;0;0;0;1;0
432;429;N;BODY;T006;PASS;;;Yes - Pass;32;32;;1;12.393;6.1965;12.298;6.149;1;1
433;430;N;BODY;T006;PASS;;;Yes - Pass;293;293;;4;48.993;24.4965;48.917;24.4585;4;2
434;431;N;BODY;T006;PASS;;;Yes - Pass;133;140;;2;34.187;17.0935;33.485;16.7425;2;1
435;432;N;BODY;T006;PASS;;;Yes - Pass;73;73;;1;34.211;17.1055;33.978;16.989;1;1
436;433;N;BODY;T006;PASS;;;Yes - Pass;81;81;;2;23.047;11.5235;22.912;11.456;2;1
437;434;N;BODY;T006;PASS;;;Yes - Pass;74;74;;1;34.048;17.024;33.971;16.9855;1;1
438;435;N;BODY;T006;PASS;;;Yes - Pass;16;16;;1;7.537;3.7685;7.478;3.739;1;0
439;436;N;BODY;T006;PASS;;;Yes - Pass;55;55;;1;26.965;13.4825;26.417;13.2085;1;1
440;437;N;BODY;T006;PASS;;;Yes - Pass;125;140;;3;42.23;21.115;41.948;20.974;3;1
441;438;N;BODY;T006;PASS;;;Yes - Pass;120;131;;2;44.379;22.1895;43.999;21.9995;2;1
442;439;N;BODY;T006;PASS;;;Yes - Pass;78;78;;1;35.56;17.78;35.499;17.7495;1;1
443;440;N;BODY;T006;PASS;;;Yes - Pass;49;49;;1;20.338;10.169;20.302;10.151;1;1
444;441;N;BODY;T006;PASS;;;Yes - Pass;150;150;;1;59.057;29.5285;58.239;29.1195;1;1
445;442;N;BODY;T006;PASS;;;Yes - Pass;42;42;;1;18.847;9.4235;18.752;9.376;1;1
446;443;N;BODY;T006;PASS;;;Yes - Pass;46;46;;1;18.184;9.092;17.834;8.917;1;1
447;444;N;BODY;T006;PASS;;;Yes - Pass;371;371;;2;74.2;37.1;72.538;36.269;2;1
448;445;F;ASSEMBLY;T002;PASS;;;PASS;35;36;N.A.;1;12.672;6.336;12.584;6.292;1;1
449;446;F;ASSEMBLY;T002;PASS;;;PASS;74;76;N.A.;1;27.241;13.6205;26.994;13.497;1;1
450;447;F;ASSEMBLY;T002;PASS;;;PASS;35;36;YES - PASS;1;11.015;5.5075;10.928;5.464;1;1
451;448;F;ASSEMBLY;T002;PASS;;;PASS;39;40;YES - PASS;1;17.445;8.7225;17.04;8.52;1;1
452;449;F;ASSEMBLY;T002;PASS;;;PASS;20;20;YES - PASS;1;7.312;3.656;7.259;3.6295;1;1
453;450;F;ASSEMBLY;T002;PASS;;;PASS;10;10;YES - PASS;1;3.799;1.8995;3.777;1.8885;1;0
454;451;F;ASSEMBLY;T002;PASS;;;PASS;16;16;YES - PASS;1;6.41;3.205;6.368;3.184;1;0
455;452;F;ASSEMBLY;T002;PASS;;;PASS;14;15;N.A.;1;5.895;2.9475;5.843;2.9215;1;1
456;453;F;ASSEMBLY;T002;PASS;;;PASS;10;10;YES - PASS;1;3.792;1.896;3.777;1.8885;1;0
457;454;F;ASSEMBLY;T002;PASS;;;PASS;11;11;N.A.;1;2.975;1.4875;2.898;1.449;1;1
458;455;F;ASSEMBLY;T002;PASS;;;PASS;16;16;N.A.;1;4.468;2.234;4.378;2.189;1;1
459;456;F;ASSEMBLY;T002;PASS;;;N.A.;9;9;N.A.;1;2.686;1.343;2.655;1.3275;1;0
460;457;F;ASSEMBLY;T002;PASS;;;N.A.;9;8;N.A.;1;2.107;1.0535;2.074;1.037;1;0
461;458;F;ASSEMBLY;T002;PASS;;;N.A.;7;7;N.A.;1;1.844;0.922;1.813;0.9065;1;0
462;459;F;ASSEMBLY;T002;PASS;;;N.A.;9;9;N.A.;1;2.687;1.3435;2.655;1.3275;1;0
463;460;F;ASSEMBLY;T002;PASS;;;N.A.;7;8;N.A.;1;2.076;1.038;2.043;1.0215;1;0
464;461;F;ASSEMBLY;T002;PASS;;;N.A.;9;9;N.A.;1;3.036;1.518;3.001;1.5005;1;0
465;462;F;ASSEMBLY;T002;PASS;;;N.A.;7;8;N.A.;1;2.348;1.174;2.313;1.1565;1;0
466;463;F;ASSEMBLY;T002;PASS;;;N.A.;8;8;N.A.;1;2.213;1.1065;2.185;1.0925;1;0
467;464;F;ASSEMBLY;T002;PASS;;;N.A.;7;8;N.A.;1;2.045;1.0225;2.025;1.0125;1;0
468;465;F;ASSEMBLY;T002;PASS;;;PASS;14;13;N.A.;1;5.322;2.661;5.289;2.6445;1;1
469;466;F;ASSEMBLY;T002;PASS;;;N.A.;5;6;N.A.;1;1.225;0.6125;1.209;0.6045;1;0
470;467;F;ASSEMBLY;T002;PASS;;;N.A.;7;8;N.A.;1;1.755;0.8775;1.732;0.866;1;0
471;468;F;ASSEMBLY;T002;PASS;;;N.A.;5;6;N.A.;1;0.882;0.441;0.849;0.4245;1;0
472;469;F;ASSEMBLY;T002;PASS;;;N.A.;4;5;N.A.;1;0.762;0.381;0.745;0.3725;1;0
473;470;F;ASSEMBLY;T002;PASS;;;PASS;14;16;YES - PASS;1;6.078;3.039;6.058;3.029;1;0
474;471;F;ASSEMBLY;T002;PASS;;;N.A.;10;10;N.A.;1;3.305;1.6525;3.289;1.6445;1;0
475;472;G;BODY;T002;PASS;;;PASS;144;160;YES - PASS;1;29.238;14.619;28.843;14.4215;2;1
476;473;G;BODY;T002;PASS;;;PASS;242;299;YES - PASS;2;29.514;14.757;29.257;14.6285;4;1
477;474;G;BODY;T002;PASS;;;PASS;65;72;YES - PASS;1;27.182;13.591;26.86;13.43;1;1
479;476;G;BODY;T002;PASS;;;PASS;20;22;YES - PASS;1;8.349;4.1745;8.052;4.026;1;1
480;477;G;BODY;T002;PASS;;;PASS;43;43;YES - PASS;1;17.944;8.972;17.552;8.776;1;1
481;478;G;BODY;T002;PASS;;;PASS;73;84;YES - PASS;1;16.113;8.0565;15.856;7.928;2;1
482;479;G;BODY;T002;PASS;;;PASS;74;86;YES - PASS;1;17.023;8.5115;16.842;8.421;2;1
483;480;G;BODY;T002;PASS;;;PASS;95;104;YES - PASS;1;38.709;19.3545;38.186;19.093;2;1
487;484;G;BODY;T002;PASS;;;PASS;45;48;YES - PASS;1;21.078;10.539;20.905;10.4525;1;1
489;486;G;BODY;T002;PASS;;;PASS;20;22;YES - PASS;1;8.646;4.323;8.471;4.2355;1;1
490;487;G;BODY;T002;PASS;;;PASS;70;70;YES - PASS;1;14.862;7.431;14.611;7.3055;1;1
491;488;B;ASSEMBLY;T001;PASS;;;PASS;15;;YES - PASS;1;3.438;1.719;3.383;1.6915;1;1
492;489;B;ASSEMBLY;T001;PASS;;;PASS;92;;YES - PASS;1;21.444;10.722;21.324;10.662;1;1
493;490;B;ASSEMBLY;T001;PASS;;;PASS;33;;YES - PASS;1;8.038;4.019;7.92;3.96;1;1
494;491;B;ASSEMBLY;T001;PASS;;;PASS;64;;YES - PASS;3;18.871;9.4355;18.642;9.321;3;1
495;492;B;ASSEMBLY;T001;PASS;;;PASS;89;;YES - PASS;1;26.179;13.0895;25.849;12.9245;1;1
496;493;B;ASSEMBLY;T001;PASS;;;PASS;82;;YES - PASS;2;26.13;13.065;25.8;12.9;2;1
497;494;B;ASSEMBLY;T001;PASS;;;PASS;16;;YES - PASS;1;3.987;1.9935;3.924;1.962;1;1
498;495;B;ASSEMBLY;T001;PASS;;;PASS;27;;YES - PASS;1;3.132;1.566;3.072;1.536;1;1
499;496;B;ASSEMBLY;T001;PASS;;;PASS;16;;YES - PASS;1;10.621;5.3105;10.126;5.063;1;1
500;497;B;ASSEMBLY;T001;PASS;;;PASS;36;;YES - PASS;1;3.317;1.6585;3.177;1.5885;1;1
501;498;B;ASSEMBLY;T001;PASS;;;PASS;109;;YES - PASS;1;41.918;20.959;41.813;20.9065;1;1
502;499;B;ASSEMBLY;T001;PASS;;;PASS;231;;YES - PASS;1;67.306;33.653;67.159;33.5795;1;1
503;500;B;ASSEMBLY;T001;PASS;;;PASS;34;;YES - PASS;1;10.125;5.0625;10.013;5.0065;1;1
504;501;B;ASSEMBLY;T001;PASS;;;PASS;52;;YES - PASS;1;27.143;13.5715;26.9;13.45;1;1
505;502;B;ASSEMBLY;T001;PASS;;;PASS;33;;YES - PASS;1;8.738;4.369;8.695;4.3475;1;1
506;503;B;ASSEMBLY;T001;PASS;;;PASS;16;;YES - PASS;1;3.852;1.926;3.824;1.912;1;1
507;504;B;ASSEMBLY;T001;PASS;;;PASS;72;;YES - PASS;1;9.533;4.7665;9.383;4.6915;1;1
508;505;B;ASSEMBLY;T001;PASS;;;PASS;34;;YES - PASS;1;10.235;5.1175;10.17;5.085;1;1
509;506;B;ASSEMBLY;T001;PASS;;;PASS;41;;YES - PASS;1;5.01;2.505;4.947;2.4735;1;1
510;507;B;ASSEMBLY;T001;PASS;;;PASS;196;;YES - PASS;1;10.889;5.4445;10.468;5.234;1;1
511;508;B;ASSEMBLY;T001;PASS;;;PASS;16;;NO - PASS;1;7.645;3.8225;7.629;3.8145;1;0
512;509;B;ASSEMBLY;T001;PASS;;;PASS;11;;NO - PASS;1;4.889;2.4445;4.869;2.4345;1;0
513;510;B;ASSEMBLY;T001;PASS;;;PASS;11;;NO - PASS;1;4.886;2.443;4.868;2.434;1;0
514;511;B;ASSEMBLY;T001;PASS;;;PASS;34;;YES - PASS;1;15.683;7.8415;15.652;7.826;1;1
515;512;B;ASSEMBLY;T001;PASS;;;PASS;19;;NO - PASS;1;6.746;3.373;6.629;3.3145;1;1
516;513;B;ASSEMBLY;T001;PASS;;;PASS;19;;YES - PASS;1;7.119;3.5595;7.03;3.515;1;1
517;514;B;ASSEMBLY;T001;PASS;;;PASS;19;;YES - PASS;1;7.051;3.5255;7.03;3.515;1;1
518;515;B;ASSEMBLY;T001;PASS;;;PASS;4;;NO - PASS;1;0.653;0.3265;0.632;0.316;1;0
519;516;B;ASSEMBLY;T001;PASS;;;PASS;8;;NO - PASS;1;2.76;1.38;2.757;1.3785;1;0
520;517;B;ASSEMBLY;T001;PASS;;;PASS;8;;NO - PASS;1;2.121;1.0605;2.105;1.0525;1;0
521;518;B;ASSEMBLY;T001;PASS;;;PASS;4;;NO - PASS;1;0.577;0.2885;0.553;0.2765;1;0
522;519;B;ASSEMBLY;T001;PASS;;;PASS;7;;NO - PASS;1;1.686;0.843;1.669;0.8345;1;0
523;520;B;ASSEMBLY;T001;PASS;;;PASS;4;;NO - PASS;1;0.879;0.4395;0.865;0.4325;1;0
524;521;B;ASSEMBLY;T001;PASS;;;PASS;4;;NO - PASS;1;0.556;0.278;0.548;0.274;1;0
525;522;B;ASSEMBLY;T001;PASS;;;PASS;4;;NO - PASS;1;0.589;0.2945;0.581;0.2905;1;0
526;523;A;BODY;T001;PASS;;;PASS;73;;YES - PASS;1;16.985;8.4925;16.598;8.299;2;2
527;524;A;BODY;T001;PASS;;;PASS;104;;YES - PASS;1;25.648;12.824;25.276;12.638;2;2
528;525;A;BODY;T001;PASS;;;PASS;76;;YES - PASS;1;18.241;9.1205;17.841;8.9205;2;2
529;526;A;BODY;T001;PASS;;;PASS;93;;YES - PASS;1;34.605;17.3025;34.257;17.1285;1;1
530;527;A;BODY;T001;PASS;;;PASS;52;;NO;1;21.31;10.655;21.124;10.562;1;1
531;528;A;BODY;T001;PASS;;;PASS;47;;NO;1;20.913;10.4565;20.692;10.346;1;1
532;529;A;BODY;T001;PASS;;;PASS;45;;YES - PASS;1;18.856;9.428;18.484;9.242;1;1
533;530;A;BODY;T001;PASS;;;PASS;35;;NO;1;14.227;7.1135;13.872;6.936;1;1
534;531;A;BODY;T001;PASS;;;PASS;35;;YES - PASS;1;14.286;7.143;13.872;6.936;1;1
535;532;A;BODY;T001;PASS;;;PASS;46;;YES - PASS;1;18.914;9.457;18.577;9.2885;1;1
536;533;A;BODY;T001;PASS;;;PASS;197;;YES - PASS;2;43.49;21.745;42.935;21.4675;3;1
537;534;A;BODY;T001;PASS;;;PASS;23;;NO;1;8.96;4.48;8.72;4.36;1;1
538;535;A;BODY;T001;PASS;;;PASS;61;;YES - PASS;1;26.091;13.0455;25.736;12.868;1;1
539;536;A;BODY;T001;PASS;;;PASS;67;;YES - PASS;1;29.169;14.5845;28.81;14.405;1;1
540;537;A;BODY;T001;PASS;;;PASS;36;;YES - PASS;1;8.909;4.4545;8.763;4.3815;1;1
541;538;A;BODY;T001;PASS;;;PASS;47;;NO;1;11.996;5.998;11.761;5.8805;1;1
542;539;A;BODY;T001;PASS;;;PASS;68;;NO;1;17.138;8.569;16.825;8.4125;1;1
543;540;A;BODY;T001;PASS;;;PASS;22;;YES - PASS;1;6.502;3.251;6.442;3.221;1;1
544;541;A;BODY;T001;PASS;;;PASS;21;;YES - PASS;1;6.515;3.2575;6.463;3.2315;1;1
545;542;A;BODY;T001;PASS;;;PASS;72;;YES - PASS;1;24.976;12.488;24.652;12.326;1;1
546;543;A;BODY;T001;PASS;;;PASS;317;;YES - PASS;1;21.558;10.779;20.293;10.1465;16;1
547;544;A;BODY;T001;PASS;;;PASS;140;;YES - PASS;1;43.129;21.5645;42.013;21.0065;1;1
548;545;A;BODY;T001;PASS;;;PASS;73;;YES - PASS;1;31.215;15.6075;30.785;15.3925;2;1
549;546;A;BODY;T001;PASS;;;PASS;69;;YES - PASS;1;29.166;14.583;28.736;14.368;2;1
550;547;A;BODY;T001;PASS;;;PASS;56;;YES - PASS;1;26.384;13.192;26.191;13.0955;1;1
551;548;A;BODY;T001;PASS;;;PASS;44;;YES - PASS;1;19.385;9.6925;19.033;9.5165;1;1
552;549;A;BODY;T001;PASS;;;PASS;336;;YES - PASS;1;30.167;15.0835;28.956;14.478;14;1
553;550;A;BODY;T001;PASS;;;PASS;222;;YES - PASS;1;14.368;7.184;13.018;6.509;16;1
554;551;A;BODY;T001;PASS;;;PASS;104;;YES - PASS;1;28.912;14.456;27.984;13.992;2;1
555;552;A;BODY;T001;PASS;;;PASS;30;;YES - PASS;1;12.647;6.3235;12.165;6.0825;1;1
556;553;A;BODY;T001;PASS;;;PASS;223;;YES - PASS;1;14.822;7.411;13.64;6.82;16;1
557;554;A;BODY;T001;PASS;;;PASS;128;;YES - PASS;1;39.053;19.5265;38.03;19.015;1;1
558;555;A;BODY;T001;PASS;;;PASS;274;;YES - PASS;1;20.817;10.4085;19.514;9.757;14;1
559;556;A;BODY;T001;PASS;;;PASS;274;;YES - PASS;1;18.137;9.0685;16.954;8.477;15;1
560;557;A;BODY;T001;PASS;;;PASS;106;;YES - PASS;1;26.446;13.223;26.096;13.048;2;2
561;558;A;BODY;T001;PASS;;;PASS;106;;YES - PASS;1;26.058;13.029;25.721;12.8605;2;2
562;559;A;BODY;T001;PASS;;;PASS;106;;YES - PASS;1;26.452;13.226;26.096;13.048;2;2
563;560;A;BODY;T001;PASS;;;PASS;108;;YES - PASS;1;27.066;13.533;26.745;13.3725;2;2
564;561;A;BODY;T001;PASS;;;PASS;195;;NO;3;33.363;16.6815;33.012;16.506;3;1
565;562;A;BODY;T001;PASS;;;PASS;227;;YES - PASS;3;35.09;17.545;34.748;17.374;3;1
566;563;A;BODY;T001;PASS;;;PASS;40;;YES - PASS;1;17.483;8.7415;17.035;8.5175;1;1
567;564;A;BODY;T001;PASS;;;PASS;35;;YES - PASS;1;15.349;7.6745;15.153;7.5765;1;1
568;565;A;BODY;T001;PASS;;;PASS;201;;YES - PASS;2;28.371;14.1855;28.189;14.0945;4;1
569;566;A;BODY;T001;PASS;;;PASS;75;;YES - PASS;1;18.859;9.4295;18.401;9.2005;2;1
570;567;A;BODY;T001;PASS;;;PASS;43;;NO;1;18.917;9.4585;18.548;9.274;1;1
571;568;A;BODY;T001;PASS;;;PASS;231;;YES - PASS;2;57.46;28.73;56.777;28.3885;4;2
572;569;A;BODY;T001;PASS;;;PASS;49;;YES - PASS;1;22.28;11.14;21.86;10.93;1;1
573;570;D;ASSEMBLY;T002;PASS;;;PASS;15;16;N.A.;1;3.545;1.7725;3.496;1.748;1;1
574;571;D;ASSEMBLY;T002;PASS;;;PASS;181;184;YES-PASS;1;68.417;34.2085;68.179;34.0895;1;1
575;572;D;ASSEMBLY;T002;PASS;;;PASSFiber Optic;160;160;YES-PASS;1;52.502;26.251;52.16;26.08;1;1
576;573;D;ASSEMBLY;T002;PASS;;;PASS;248;248;YES-PASS;2;44.393;22.1965;44.246;22.123;2;2
577;574;D;ASSEMBLY;T002;PASS;;;PASSFiber Optic;111;111;YES-PASS;1;34.392;17.196;34.248;17.124;1;1
578;575;D;ASSEMBLY;T002;PASS;;;PASSFiber Optic;97;97;YES-PASS;1;27.154;13.577;27.031;13.5155;1;1
579;576;D;ASSEMBLY;T002;PASS;;;PASS;57;57;YES-PASS;1;14.908;7.454;14.491;7.2455;1;1
580;577;D;ASSEMBLY;T002;PASS;;;PASS;156;156;YES-PASS;1;40.046;20.023;39.85;19.925;1;1
581;578;D;ASSEMBLY;T002;PASS;;;N.A.;8;8;N.A.;1;2.638;1.319;2.627;1.3135;1;0
582;579;D;ASSEMBLY;T002;PASS;;;N.A.;6;6;N.A.;1;2.099;1.0495;2.075;1.0375;1;0
583;580;D;ASSEMBLY;T002;PASS;;;N.A.;4;5;N.A.;1;0.931;0.4655;0.852;0.426;1;0
584;581;D;ASSEMBLY;T002;PASS;;;PASS;69;74;YES-PASS;1;29.037;14.5185;28.584;14.292;1;1
585;582;D;ASSEMBLY;T002;PASS;;;PASS;73;75;N.A.;1;27.46;13.73;27.081;13.5405;1;1
586;583;D;ASSEMBLY;T002;PASS;;;PASS;70;71;YES-PASS;1;34.644;17.322;34.433;17.2165;1;1
587;584;D;ASSEMBLY;T002;PASS;;;N.A.;6;6;N.A.;1;1.518;0.759;1.464;0.732;1;0
588;585;D;ASSEMBLY;T002;PASS;;;PASS;104;104;YES-PASS;1;13.388;6.694;13.186;6.593;1;1
589;586;D;ASSEMBLY;T002;PASS;;;PASS;182;185;YES-PASS;1;13.963;6.9815;13.418;6.709;1;1
590;587;D;ASSEMBLY;T002;PASS;;;PASS;77;80;YES-PASS;1;22.766;11.383;21.895;10.9475;1;1
591;588;D;ASSEMBLY;T002;PASS;;;N.A.;7;8;N.A.;1;2.176;1.088;2.149;1.0745;1;0
592;589;D;ASSEMBLY;T002;PASS;;;PASS;18;19;N.A;1;1.608;0.804;1.534;0.767;1;1
593;590;D;ASSEMBLY;T002;PASS;;;PASS;92;90;YES-PASS;1;8.233;4.1165;7.997;3.9985;1;1
594;591;D;ASSEMBLY;T002;PASS;;;N.A.;15;13;N.A.;1;5.645;2.8225;5.629;2.8145;1;0
595;592;D;ASSEMBLY;T002;PASS;;;PASS;25;25;YES-PASS;1;9.057;4.5285;8.754;4.377;1;1
596;593;D;ASSEMBLY;T002;PASS;;;PASS;36;42;YES-PASS;1;14.402;7.201;14.297;7.1485;1;1
597;594;D;ASSEMBLY;T002;PASS;;;PASS;58;59;YES-PASS;1;18.845;9.4225;18.745;9.3725;1;1
598;595;D;ASSEMBLY;T002;PASS;;;PASS;35;39;N.A.;1;16.575;8.2875;16.53;8.265;1;1
599;596;D;ASSEMBLY;T002;PASS;;;PASS;20;20;N.A.;1;6.646;3.323;6.628;3.314;1;1
600;597;D;ASSEMBLY;T002;PASS;;;PASS;20;20;N.A.;1;6.657;3.3285;6.628;3.314;1;1
602;599;D;ASSEMBLY;T002;PASS;;;N.A.;5;4;N.A.;1;0.652;0.326;0.632;0.316;1;0
603;600;D;ASSEMBLY;T002;PASS;;;N.A.;8;8;N.A.;1;2.939;1.4695;2.917;1.4585;1;0
604;601;D;ASSEMBLY;T002;PASS;;;N.A.;10;10;N.A.;1;3.2;1.6;3.192;1.596;1;0
605;602;D;ASSEMBLY;T002;PASS;;;N.A.;6;6;N.A.;1;1.052;0.526;1.032;0.516;1;0
606;603;D;ASSEMBLY;T002;PASS;;;N.A.;6;6;N.A.;1;1.767;0.8835;1.75;0.875;1;0
607;604;D;ASSEMBLY;T002;PASS;;;N.A.;4;4;N.A.;1;0.867;0.4335;0.853;0.4265;1;0
608;605;D;ASSEMBLY;T002;PASS;;;N.A.;6;6;N.A.;1;1.811;0.9055;1.801;0.9005;1;0
609;606;D;ASSEMBLY;T002;PASS;;;N.A.;10;10;N.A.;1;3.093;1.5465;3.069;1.5345;1;0
610;607;D;ASSEMBLY;T002;PASS;;;N.A.;10;10;N.A.;1;3.09;1.545;3.069;1.5345;1;0
611;608;D;ASSEMBLY;T002;PASS;;;N.A.;4;4;N.A.;1;0.573;0.2865;0.572;0.286;1;0
612;609;D;ASSEMBLY;T002;PASS;;;N.A.;16;17;N.A.;1;7.667;3.8335;7.649;3.8245;1;0
613;610;D;ASSEMBLY;T002;PASS;;;N.A.;11;13;N.A.;1;4.887;2.4435;4.868;2.434;1;0
614;611;D;ASSEMBLY;T002;PASS;;;N.A.;10;12;YES-PASS;1;3.829;1.9145;3.813;1.9065;1;0
615;612;C;BODY;T002;PASS;;;PASS;38;45;N.A.;1;15.728;7.864;15.417;7.7085;1;1
616;613;C;BODY;T002;PASS;;;N.A.;7;;N.A.;1;2.065;1.0325;2.065;1.0325;1;0
617;614;C;BODY;T002;PASS;;;PASS;59;66;N.A.;1;24.911;12.4555;24.27;12.135;1;1
618;615;C;BODY;T002;PASS;;;PASS;87;99;N.A.;1;10.677;5.3385;10.265;5.1325;1;1
619;616;C;BODY;T002;PASS;;;N.A.;41;50;N.A.;1;6.693;3.3465;6.665;3.3325;1;0
620;617;C;BODY;T002;PASS;;;PASS;41;50;N.A.;1;11.318;5.659;10.784;5.392;1;1
621;618;C;BODY;T002;PASS;;;PASS;75;101;N.A.;1;30.859;15.4295;30.414;15.207;2;1
622;619;C;BODY;T002;PASS;;;PASS;87;99;YES - PASS;1;24.978;12.489;24.801;12.4005;1;1
623;620;C;BODY;T002;PASS;;;PASS;64;86;YES - PASS;1;26.019;13.0095;25.551;12.7755;2;1
624;621;C;BODY;T002;PASS;;;N.A.;7;8;N.A.;1;2.084;1.042;2.084;1.042;1;0
625;622;C;BODY;T002;PASS;;;PASS;37;48;YES - PASS;1;15.539;7.7695;15.401;7.7005;1;1
626;623;C;BODY;T002;PASS;;;N.A.;14;15;N.A.;1;0;0;0;0;1;0
627;624;C;BODY;T002;PASS;;;N.A.;14;15;N.A.;1;6.18;3.09;6.18;3.09;1;0
628;625;C;BODY;T002;PASS;;;N.A.;5;6;N.A.;1;1.06;0.53;1.06;0.53;1;0
629;626;C;BODY;T002;PASS;;;N.A.;10;12;N.A.;1;4.132;2.066;4.132;2.066;1;0
630;627;C;BODY;T002;PASS;;;N.A.;17;17;N.A.;1;5.772;2.886;5.641;2.8205;1;0
631;628;C;BODY;T002;PASS;;;N.A.;13;14;N.A.;1;5.156;2.578;5.156;2.578;1;0
632;629;C;BODY;T002;PASS;;;N.A.;5;6;N.A.;1;1.06;0.53;1.06;0.53;1;0
633;630;C;BODY;T002;PASS;;;N.A.;5;6;N.A.;1;1.06;0.53;1.06;0.53;1;0
634;631;C;BODY;T002;PASS;;;N.A.;11;11;N.A.;1;4.132;2.066;4.132;2.066;1;0
635;632;C;BODY;T002;PASS;;;PASS;53;65;YES - PASS;1;20.783;10.3915;20.324;10.162;2;1
636;633;C;BODY;T002;PASS;;;N.A.;10;9;N.A.;1;3.108;1.554;3.108;1.554;1;0
637;634;C;BODY;T002;PASS;;;N.A.;6;9;N.A.;1;3.109;1.5545;3.109;1.5545;1;0
638;635;C;BODY;T002;PASS;;;PASS;33;34;N.A.;1;8.837;4.4185;8.809;4.4045;1;1
639;636;C;BODY;T002;PASS;;;N.A.;11;12;N.A.;1;4.148;2.074;4.148;2.074;1;0
640;637;C;BODY;T002;PASS;;;PASS;63;63;N.A.;1;22.616;11.308;22.3;11.15;1;1
641;638;C;BODY;T002;PASS;;;N.A.;7;8;N.A.;1;2.092;1.046;2.092;1.046;1;0
642;639;C;BODY;T002;PASS;;;N.A.;17;18;N.A.;1;7.229;3.6145;7.229;3.6145;1;0
643;640;C;BODY;T002;PASS;;;PASS;57;62;N.A.;1;24.369;12.1845;23.764;11.882;1;1
644;641;C;BODY;T002;PASS;;;N.A.;9;10;N.A.;1;3.12;1.56;3.12;1.56;1;0
645;642;C;BODY;T002;PASS;;;N.A.;5;6;N.A.;1;1.064;0.532;1.064;0.532;1;0
646;643;C;BODY;T002;PASS;;;N.A.;9;10;N.A.;1;3.12;1.56;3.12;1.56;1;0
647;644;C;BODY;T002;PASS;;;N.A.;13;14;N.A.;1;5.176;2.588;5.176;2.588;1;0
648;645;C;BODY;T002;PASS;;;N.A.;5;6;N.A.;1;1.064;0.532;1.064;0.532;1;0
649;646;C;BODY;T002;PASS;;;PASS;137;139;N.A.;1;23.726;11.863;23.628;11.814;1;1
650;647;C;BODY;T002;PASS;;;PASS;120;121;YES -PASS;1;20.466;10.233;19.89;9.945;1;1
651;648;C;BODY;T002;PASS;;;N.A.;11;11;N.A.;1;4.132;2.066;4.132;2.066;1;0
652;649;C;BODY;T002;PASS;;;N.A.;15;16;N.A.;1;6.18;3.09;6.18;3.09;1;0
653;650;C;BODY;T002;PASS;;;N.A.;21;23;N.A.;1;5.705;2.8525;5.696;2.848;2;1
654;651;C;BODY;T002;PASS;;;N.A.;15;16;N.A.;1;6.199;3.0995;6.18;3.09;1;0
655;652;C;BODY;T002;PASS;;;PASS;23;28;N.A.;1;9.505;4.7525;9.357;4.6785;1;1
656;653;C;BODY;T002;PASS;;;N.A.;5;6;N.A.;1;1.06;0.53;1.06;0.53;1;0
657;654;C;BODY;T002;PASS;;;PASS;15;18;N.A.;1;5.788;2.894;5.649;2.8245;1;1
658;655;C;BODY;T002;PASS;;;PASS;29;33;N.A.;1;11.971;5.9855;11.821;5.9105;1;1
659;656;C;BODY;T002;PASS;;;PASS;18;19;YES - PASS;1;6.816;3.408;6.693;3.3465;1;1
660;657;C;BODY;T002;PASS;;;PASS;9;10;YES - PASS;1;3.081;1.5405;3.081;1.5405;1;0
661;658;C;BODY;T002;PASS;;;PASS;67;103;N.A.;1;38.668;19.334;38.242;19.121;1;1
662;659;C;BODY;T002;PASS;;;PASS;261;304;YES-PASS;1;19.848;9.924;18.674;9.337;16;1
663;660;C;BODY;T002;PASS;;;PASS;100;99;N.A.;1;30.817;15.4085;30.063;15.0315;1;1
664;661;C;BODY;T002;PASS;;;PASS;87;114;N.A.;1;38.047;19.0235;37.231;18.6155;1;1
665;662;C;BODY;T002;PASS;;;PASS;279;350;YES-PASS;1;23.296;11.648;22.777;11.3885;14;1
666;663;C;BODY;T002;PASS;;;PASS;208;269;N.A.;1;8.17;4.085;7.523;3.7615;16;1
667;664;C;BODY;T002;PASS;;;PASS;98;97;N.A.;1;26.426;13.213;25.248;12.624;1;1
668;665;C;BODY;T002;PASS;;;PASS;29;32;N.A.;1;12.326;6.163;12.108;6.054;1;1
669;666;C;BODY;T002;PASS;;;PASS;171;227;YES-PASS;1;15.664;7.832;14.46;7.23;16;1
670;667;C;BODY;T002;PASS;;;PASS;122;123;YES-PASS;1;36.016;18.008;34.855;17.4275;1;1
671;668;C;BODY;T002;PASS;;;PASS;313;443;YES-PASS;1;27.42;13.71;26.356;13.178;15;1
672;669;C;BODY;T002;PASS;;;PASS;72;89;N.A.;1;25.13;12.565;24.645;12.3225;2;2
673;670;C;BODY;T002;PASS;;;PASS;25;29;YES - PASS;1;10.105;5.0525;9.92;4.96;1;1
674;671;C;BODY;T002;PASS;;;N.A.;10;11;N.A.;1;3.644;1.822;3.609;1.8045;1;0
675;672;C;BODY;T002;PASS;;;PASS;59;87;N.A.;1;25.004;12.502;24.637;12.3185;2;2
676;673;C;BODY;T002;PASS;;;PASS;25;28;N.A.;1;10.096;5.048;9.92;4.96;1;1
677;674;C;BODY;T002;PASS;;;N.A.;10;11;N.A.;1;3.642;1.821;3.609;1.8045;1;0
678;675;H;ASSEMBLY;T003;PASS;;;PASS;182;183;N.A.;1;46.206;23.103;45.691;22.8455;1;1
679;676;H;ASSEMBLY;T003;PASS;;;PASS;182;183;YES - PASS;1;26.817;13.4085;26.022;13.011;1;1
680;677;H;ASSEMBLY;T003;PASS;;;PASS;51;51;N.A.;1;16.162;8.081;16.128;8.064;1;1
683;680;I;BODY;T003;PASS;;;PASS;12;13;YES - PASS;1;3.117;1.5585;2.605;1.3025;1;0
684;681;I;BODY;T003;PASS;;;PASS;109;105;YES - PASS;1;43.01;21.505;41.568;20.784;1;1
685;682;I;BODY;T003;PASS;;;PASS;108;107;YES - PASS;1;42.345;21.1725;41.053;20.5265;1;1
686;683;I;BODY;T003;PASS;;;PASS;140;137;YES - PASS;1;14.426;7.213;13.408;6.704;2;1
687;684;I;BODY;T003;PASS;;;PASS;136;134;YES - PASS;1;14.45;7.225;13.401;6.7005;2;1
688;685;I;BODY;T003;PASS;;;PASS;86;86;YES - PASS;1;22.326;11.163;21.088;10.544;1;1
689;686;I;BODY;T003;PASS;;;PASS;436;434;YES - PASS;1;19.49;9.745;17.141;8.5705;15;1
690;687;I;BODY;T003;PASS;;;PASS;59;58;YES - PASS;1;29.324;14.662;28.395;14.1975;1;1
691;688;I;BODY;T003;PASS;;;PASS;82;81;YES - PASS;1;20.385;10.1925;19.775;9.8875;1;1
692;689;I;BODY;T003;PASS;;;PASS;361;359;YES - PASS;1;17.12;8.56;16.907;8.4535;16;1
693;690;I;BODY;T003;PASS;;;PASS;398;398;YES - PASS;1;28.48;14.24;24.205;12.1025;13;1
694;691;I;BODY;T003;PASS;;;PASS;84;82;YES - PASS;1;24.161;12.0805;23.525;11.7625;1;1
696;693;I;BODY;T003;PASS;;;PASS;317;319;YES - PASS;1;8.011;4.0055;3.358;1.679;16;1
697;694;I;BODY;T003;PASS;;;PASS;83;83;YES - PASS;1;19.239;9.6195;18.315;9.1575;1;1
698;695;I;BODY;T003;PASS;;;PASS;377;376;YES - PASS;1;14.647;7.3235;13.724;6.862;16;1
699;696;I;BODY;T003;PASS;;;PASS;379;379;YES - PASS;1;16.24;8.12;13.724;6.862;16;1
700;697;I;BODY;T003;PASS;;;PASS;214;212;YES - PASS;2;28.355;14.1775;27.97;13.985;2;1
701;698;I;BODY;T003;PASS;;;PASS;214;212;YES - PASS;2;28.355;14.1775;27.97;13.985;1;0
702;699;I;BODY;T003;PASS;;;PASS;23;23;YES - PASS;1;11.324;5.662;10.78;5.39;1;1
484;481;G;BODY;T002;PENDING;;;PASS;94;94;YES - PASS;1;23.693;11.8465;23.598;11.799;2;1
485;482;G;BODY;T002;PENDING;;;PASS;54;64;YES - PASS;1;23.166;11.583;22.788;11.394;1;1
601;598;D;ASSEMBLY;T002;PENDING;;;PASS;20;20;N.A.;1;6.657;3.3285;6.628;3.314;0;0
